path,label,split,bytes,sha256
F_Normal/FN_247.png,F_Normal,train,660083,c2136d659272fdf4156040a7f5eca431e1bc4e8066c7236f2173ccb3a934f98f
F_Normal/FN_444.png,F_Normal,train,1040205,e4f1a206c6a1b02ae4acfaa27c6d6561733f7c6cd692b9c7ea76dd7a624e9b53
F_Normal/FN_14.jpg,F_Normal,train,168445,5250e1ba88d3926541412c16bc7a4e71cb416b26578944e5e54f1b43793aa213
F_Normal/FN_24.jpg,F_Normal,train,143189,e02c272b1619b667ac1641a752bfad348903ee3247936e5bf7a7e99430087757
F_Normal/FN_147.png,F_Normal,train,1494801,21c4f29622b097e67e6802f24db2e3e3f85d59abe7f09f4bf399248a77bf2fda
F_Normal/FN_164.png,F_Normal,train,1097037,8330c9cb9fa10327d4d557f3b158046d835b6fed35141d7db6cdd4b93292dfcb
F_Normal/FN_383.png,F_Normal,train,948265,d1d9a192937e818564689b36e261773f7ec48ff9e5a7f5eff092a808f9915e5d
F_Normal/FN_288.png,F_Normal,train,951299,063fae997191d2c562b47c0f9b9408725db35ecedcbe67aaebc360fe2e634b96
F_Normal/FN_166.png,F_Normal,train,1066903,a46c15b4ca3aed756caaa83197334a2613edeac48f2cc4e283a5423cf1e53072
F_Normal/FN_4.jpg,F_Normal,train,325613,11550bde6772766baf92ebd2eb0d083b81cd7f02ec1ef627d684241ed484eaa6
F_Normal/FN_462.png,F_Normal,train,1086995,48791e689dd44a0aaf4cc92f61fec4a40c1496b12b3c296783a2536a8b51cb20
F_Normal/FN_473.png,F_Normal,train,664583,9efa0ede8e23065bc4a9d2d42bd28ca2de2b417be7e73f7bdcb458fd84f3e104
F_Normal/FN_182.png,F_Normal,train,889620,381b92d56aa6d97c064172b6ab0b3e49e7ed1a7b832b48d70356d9a9353ff8e9
F_Normal/FN_293.png,F_Normal,train,605314,956d33a64714991f8828f1e3086743998bf53c23ff39f2811e1c9d3f7bef94a4
F_Normal/FN_80.jpg,F_Normal,train,272005,5741a8eafb694a361d2082a60bb115d20437b76ab5743a1f4a5aca8136d5fecf
F_Normal/FN_152.png,F_Normal,train,1101671,c6b6ae27e4156fe5278778bf55e3b2da230561714162d5abe948c3ed2452474f
F_Normal/FN_430.png,F_Normal,train,1575098,cee337ce57bc5ad5da5da4c2e4441fd1e2581522d52ae93da5cd2c99d00d303b
F_Normal/FN_246.png,F_Normal,train,944822,d83e00a1dd9a04b3edb78f980a212aaf3d013ba3b58ee8f256256a21e62f3969
F_Normal/FN_289.png,F_Normal,train,668493,3e5080b69b2af7b4f78535b293669e5a9202003263da709f2a5f3f41434e7d19
F_Normal/FN_325.jpg,F_Normal,train,378075,d6612a6dbeab7aadc037cce62edf20c39b43982458f278a1becf64e949639a40
F_Normal/FN_499.png,F_Normal,train,1042813,f709c9bdd6511a504f94a4ef350f01ae5669077e8582c35bce651ed55d581dcd
F_Normal/FN_388.png,F_Normal,train,970135,6b0859d9f41aa75fabcc60f69af47215c8f99339e5f8c59ef70ee4ab6ba703e7
F_Normal/FN_36.jpg,F_Normal,train,55460,608b6593fd8f2b7641cd3d0c237a5a6e6b5f40b533f464f7ca0099bf280c9a6e
F_Normal/FN_45.jpg,F_Normal,train,151668,bcc33ab7db32d7b13fb057f7970f3a454bf16005aa022f52f00e47f479e81a09
F_Normal/FN_105.jpg,F_Normal,train,125267,9f896247f7dc30765de0070933684227b56864f1eb0911107ef92e96f47aa63f
F_Normal/FN_65.jpg,F_Normal,train,122910,a16859d7b87397be4cb6bfd447dd88f98869d4763a6e38232b135bac899807b0
F_Normal/FN_323.png,F_Normal,train,840910,3ac7925927607ebcd7a764daca94fb66ec8a7f90f35d80210cd554b7281b763c
F_Normal/FN_304.png,F_Normal,train,1094395,dc45c7b50638938bc04c94e2579f69486dfadcf3b109b8aca121e902c1e5e7e4
F_Normal/FN_32.jpg,F_Normal,train,139061,b62574e666b50b984196688288c74f0fa9ba14c09dbea1967ef386e449d2a581
F_Normal/FN_29.jpg,F_Normal,train,126623,54cb0ea1f447985c1b0234371ee3255d68e74caefc7f61c542c398bc71dde6c5
F_Normal/FN_215.png,F_Normal,train,1049664,62263689e3091c52767b73d1332b73ee9d1a0ce50f3b5da90a11e3bd0d76d217
F_Normal/FN_245.png,F_Normal,train,926572,7f32891c2719fee0fcd0b92baa59609ff46dfeaae9367d0e243ab19938dbd6f2
F_Normal/FN_30.jpg,F_Normal,train,226110,fa24e090e9bcfad935d130c915bb40a4bd1ca260c0bb5005771602635c9171dc
F_Normal/FN_136.jpg,F_Normal,train,257951,06bf053d6c7fa905c722b10038699e649fe757856bbddc5164a6987a942486f1
F_Normal/FN_35.jpg,F_Normal,train,27851,fca687623595fc4a96ab3f19744921978ad2cfb7b43099707c079216e2be1345
F_Normal/FN_118.jpg,F_Normal,train,103269,1e0c3b1b2cb3b721a4df04f726ee201d8ec9f4457d1c872538513f5faf3fa176
F_Normal/FN_490.png,F_Normal,train,1130319,4cf426d292254dbf52c122b1bc51ad00ceb0878e6922e19a1b55bf4a1d60dd21
F_Normal/FN_160.png,F_Normal,train,1409687,7f71b81e349a4871ac3e3460f7b0bad148afb017f5a862b74d09694bd7d423f4
F_Normal/FN_303.png,F_Normal,train,873875,7e4c401a1a22cf2b6eeeb3c7eba6182edfc86ad570c3b2bd0923780c7ccdd8a0
F_Normal/FN_235.png,F_Normal,train,999048,7e5232220c0c1e0807b72121712a9ed5445167d19e16566ae96b7487d37dc9d1
F_Normal/FN_431.png,F_Normal,train,1106590,274b681007bd2b711d5b4b4693c91527953e7887d29ad0d899dc8a956aca5fd0
F_Normal/FN_295.png,F_Normal,train,867101,e50a9fc18334b12e83f4fb97eb7238959a258d1afb1e0eb912017b1813e76ee6
F_Normal/FN_238.png,F_Normal,train,707092,cf80275df94b490c2d76b50bbe213c1fe9adc62435c5b934c425b17dea4922bd
F_Normal/FN_259.png,F_Normal,train,1197741,2561991bcf2c8766d7b2f43f935b55cb00f11e7f0e142715938439afe3ac942e
F_Normal/FN_457.png,F_Normal,train,1311811,01143fdfccfda68f8e68ca487c02951a77b3e2971c93eb5a0c3a98684739873b
F_Normal/FN_224.png,F_Normal,train,790567,0daf651b1d858efda4e7f603268d5cf254a95d520cd7663f07bf324bdcef4900
F_Normal/FN_226.png,F_Normal,train,757799,092b97f096421f9d577afd0aa463ef7bacfa91730f5aa3c38de147fd542403ef
F_Normal/FN_393.png,F_Normal,train,1081218,bb04aabb9d3b4b3c57df3f5cd056042117c364cf518175e08d2bfbd1318b55b7
F_Normal/FN_257.png,F_Normal,train,1034329,472a956f764e34fa6447887b95502192e68714e823b5f72158f5f7aca24d8a86
F_Normal/FN_252.png,F_Normal,train,1204019,a4c473dbc9adc97d7693525ddb6e94977fbf7b4eea43e9c7841cd55e60421aea
F_Normal/FN_179.png,F_Normal,train,1193693,248cb95e14f5942756e51ad206cc1f7580ff8dbf288c144607114d7859277b12
F_Normal/FN_186.png,F_Normal,train,1347246,4cb86e4aca610a2ae3deb329629b2260036f31442631c7b0614dfba0d8f5ed96
F_Normal/FN_495.png,F_Normal,train,543819,a71235abc594b20b1bf1366b34962faddc186cc745a20a3f95502b49bd26a7fa
F_Normal/FN_372.jpg,F_Normal,train,339172,240dc0307412afe1dceb1960f7e9231e70671078ca4f132ad907ee737a779cf9
F_Normal/FN_144.jpg,F_Normal,train,101344,18df042a0a77246b8ef0cf8c9ca2394e48cbf48ddb841fd4dc800b5e2a8f3c16
F_Normal/FN_279.png,F_Normal,train,648706,8e9942beb97821959169d33944a95c6ff387f9d173c274f8e7a8e41c4020b900
F_Normal/FN_367.jpg,F_Normal,train,349698,b49238e1638e6110b295da38742670e74aed405e7929c32578794497a691483b
F_Normal/FN_217.png,F_Normal,train,1017091,7bf4928fd6eca9ae2961d9af1712d18790c8fbcd3465ab5223a0b0127df50732
F_Normal/FN_207.png,F_Normal,train,1040317,a5c2a657ce117e74e994794ef6a9cd3f830e07eb3bb0ff13c885c291925d29fb
F_Normal/FN_421.png,F_Normal,train,1439778,eae51c97ea90372a8a2c9ad8aac5cdd72f8b78d1940f7808042d8aa3727790b0
F_Normal/FN_261.png,F_Normal,train,1027887,a36c2e78791470f5dd2b655855d240b7ba08c2aafac0b63feb1271e4c38056d5
F_Normal/FN_432.png,F_Normal,train,737786,77af5eef771e91c6237d3ec8070c5893e587a9a8618f802229de5be548f12d7a
F_Normal/FN_132.jpg,F_Normal,train,163533,5ba8f1a3edbe1b188a37eb688ca0c50c6d34947d980e6aa72fba2814f0369ae0
F_Normal/FN_243.png,F_Normal,train,847138,bcd20a06c0d91b9cbc1de066946e114bfc5cb414feff141623eb5aff9cec1216
F_Normal/FN_102.jpg,F_Normal,train,150207,8c58744c1d525e43dd70b500da87a2d2e7b63d541fe2a4a56cbefded59b580df
F_Normal/FN_183.png,F_Normal,train,646644,c008f51f19847046a371d117b064d471ffea2f32c5e788dbf4830adb811e4342
F_Normal/FN_373.jpg,F_Normal,train,520615,f6ae3e7fb93ead54b14f50aac99297f95bfca5a1921798a84f7f82ed8c8d3b26
F_Normal/FN_269.png,F_Normal,train,3757280,0a21731e32cd057c78f079db72e7470cefb8ad3bdb74d2fcde825f9bc45f3278
F_Normal/FN_436.png,F_Normal,train,1109722,d674ba83e1cfb96c23d4daa9a59e02236376b31b63003125afe24cfb8a316c4b
F_Normal/FN_57.jpg,F_Normal,train,131262,bf7fc0b529d2c5e1fa348948b49c10f40ee64708f3aed290b68373bf788b282f
F_Normal/FN_184.png,F_Normal,train,1041230,413f623abd223aee775991e592156023f1bcb9248e574a201a91ecee02947a65
F_Normal/FN_70.jpg,F_Normal,train,201837,1d7c163b13aec773d3d6d5afae9b4b554ccfd0097520ab6daaaf503bb9167efd
F_Normal/FN_362.jpg,F_Normal,train,310978,a937e9590fb6d8dec3f008c2b1838738e4319848fbcd239f4f242fcae94221da
F_Normal/FN_405.png,F_Normal,train,1374234,5258c08a672ae01c1fc8e3f2b10f0c4958a604c3c383286e66bf0f5db7e31872
F_Normal/FN_466.png,F_Normal,train,654756,501744653a50a87fe8ed69b24a322f5db79dc00f7fb79891287822b83da0ca88
F_Normal/FN_467.png,F_Normal,train,1236607,6f00306f6841927086977afff1b42cbe00371104bd713ec6e819070f3d53d29e
F_Normal/FN_268.png,F_Normal,train,4146064,c7c8daf1ac6710c3416f86145ef6985f765f089c044465ff7bde147ed130e5d0
F_Normal/FN_40.jpg,F_Normal,train,145229,ca0997a0675ea6ed998715a47deb61ef36c06055dbc802b20d3e470aa80b573d
F_Normal/FN_291.png,F_Normal,train,779304,5b1bd478fe9d805cb299ce49a5a7adacca833a2bcb77f4df56c1c9000a638d0b
F_Normal/FN_213.png,F_Normal,train,1176471,39bae3f76fdf634c2925164b4d59f48e939698ca6e7848a066540ddcaf4e10e1
F_Normal/FN_109.jpg,F_Normal,train,220201,d315aabe26306265eaf288cf1ddc714d6696c77c75c7a346fa20d5fbbba60884
F_Normal/FN_104.jpg,F_Normal,train,133862,8b126251f34c803ce10489f3edf24e992c9bdaaf1fb3e01f12fbbcccdb101c65
F_Normal/FN_498.png,F_Normal,train,1076779,fb1b76011d78a75f9813aac1399e70e0a6dcffc0694c3d7184b6414dd4c3e923
F_Normal/FN_320.png,F_Normal,train,1207612,0fd097aa1a013d21413c745fbe4991f03d95fd72bcc0e16f6bce0b931f6b6bed
F_Normal/FN_456.png,F_Normal,train,943663,7ee7c49393dd4045196fed90220079d00d9bfdf0372068e4a36562fe2fb76346
F_Normal/FN_482.png,F_Normal,train,1221238,cb2e924faa6aaa193995f2d297753164c9b0046ffdf4d8893cd96aa6b1189e2c
F_Normal/FN_41.jpg,F_Normal,train,129688,7a8f98c9827a4fe49b33435fb98f28e3f759541f79be084545bf8bf85ae833ca
F_Normal/FN_18.jpg,F_Normal,train,184877,d23defa13de430abebbb1bb5416d89f1047d5d3f702b97ad7d5f45886998e70a
F_Normal/FN_483.png,F_Normal,train,930757,7b4c23100786a096d739591faf2ab82d933bdab3db17321ddadfa8856792f028
F_Normal/FN_122.jpg,F_Normal,train,116774,a0c7606d4adb7701c13e8e45d1f61e166c2ad3cdb0f17a97b86e9adad52ad0cf
F_Normal/FN_169.png,F_Normal,train,1045029,3658ae4d0dd9f8894369d8eb0be46296e849e7a6ea5fc93ef69b9c397fd799b3
F_Normal/FN_265.png,F_Normal,train,1261333,ca5b936f88130fdfcb5ae4bc27024d8ae6e0f4a7144a9e80c742956f07aecd7d
F_Normal/FN_335.jpg,F_Normal,train,209502,2050ad7095212d6e150c55992422611326d1c1e311f246fec4db3d61016e64fa
F_Normal/FN_286.png,F_Normal,train,1027072,8d52ad9dd5dc012d1cb9a7f723a76ec3789b24e388f0d667053c89870786ee9f
F_Normal/FN_263.png,F_Normal,train,1052942,63c041799722b7a45939e1cbb47411377f89fab70c8881cfd7203b335479aa52
F_Normal/FN_185.png,F_Normal,train,701797,4bde7668cd78eff8e6bb8e4af52a5e83ceab220fd30ed2e01048eebfbb16bd96
F_Normal/FN_19.jpg,F_Normal,train,95689,32ceed92d3654db3b7481bf8f47e17cd9e9a0c86da7c6257a73d04c685391e97
F_Normal/FN_477.png,F_Normal,train,1009130,367570865984fd89676aa2efabc7c62dc2bb5bcfc37a348a31daa0e5ef67c7ce
F_Normal/FN_454.png,F_Normal,train,574065,72d18d54efb28ce31fc75c1b6e3f9dc473e7c1813340c208f6f7a99d7408c41b
F_Normal/FN_239.png,F_Normal,train,1001360,cb8187779ed189d4e45302f26d90513514bf39b8bdffc052cea9ff6629d571e4
F_Normal/FN_306.png,F_Normal,train,990606,ee907549bb2fcb7c569a561dd56559a9c30095061e2db30d07c6867b2bd32aa3
F_Normal/FN_425.png,F_Normal,train,826823,cb5db4dc2146a9aee007cc05589e9f4119dd280f617e87483b6d361e1edf2c49
F_Normal/FN_312.png,F_Normal,train,1018432,88f9e4f489782d4397df7ba5d8864f556df01ced25f45cf0495548af7dfc1373
F_Normal/FN_417.png,F_Normal,train,1082163,3507f8b18910e2fa8090820c70b6a2e626c19dbf15ef2ff2803d4795b73cfab5
F_Normal/FN_176.png,F_Normal,train,939862,c823c87b6d6e499e4041c27ec0c3690e30b4a95350a51e303c92bbea55b1196d
F_Normal/FN_390.png,F_Normal,train,605388,72b131c1e14b25aec3bee92c7382ea11bae43477dd3661bce4dbf851a2838af5
F_Normal/FN_253.png,F_Normal,train,593586,f0f56c77080af9abe2d418d62a0de34c7e5c6b70d60ba95b22df3bea881d8d8f
F_Normal/FN_453.png,F_Normal,train,843699,21b7685f39701889492083f214f8803bea23d9df3526f1c18d1dd0c8f8718e0d
F_Normal/FN_237.png,F_Normal,train,1163019,cdab5df89ad14de35888004d73e2072040314d9922c0fa4b91351aa401c6580b
F_Normal/FN_381.png,F_Normal,train,1053812,1649724d6681fff92df40ea3687540bbf20b903155ddc335b936779ac7bcf14e
F_Normal/FN_133.jpg,F_Normal,train,191210,3ced513bbcc03fa28071ba72f11cfecbe96120e8ea4033ef053dd96b35ced03f
F_Normal/FN_452.png,F_Normal,train,1436099,afe502144b85f76116097b11c3e56474af91fd3ec7f9447714320430171b2a36
F_Normal/FN_161.png,F_Normal,train,1014663,3f37638730bf8288db84c9fca17675c976057642f55c369b2c34800b69adbace
F_Normal/FN_195.png,F_Normal,train,1008662,666e07facd2301ec0e73983d9820a138e15b3f75934f302fe6ee3df9d028cb90
F_Normal/FN_412.png,F_Normal,train,1166027,2a9be28c4c98f1418bd3b16fe9e55106491bf236d93c2b0562857bc65a90686f
F_Normal/FN_9.jpg,F_Normal,train,181419,559b96cce9bb7e40125ae9559d16c5469c978e852adc92dddec54f9d04c094af
F_Normal/FN_485.png,F_Normal,train,776919,407b9e4b8b6bceb845e42d6820d17d4b95d15fd5d23a237da9929ce1a289a873
F_Normal/FN_241.png,F_Normal,train,979226,fea6b7df659c5a3e5701ea1932d602bf8f1e2e807029da2de8de0a3807298ee9
F_Normal/FN_127.jpg,F_Normal,train,216869,65a80c0786a36cd79134645c33673a02b4be1c0deb1bae16ed3ed63228f98748
F_Normal/FN_319.png,F_Normal,train,646607,9ccbd60aa47e2335a89374ddd84d251926072b46df737334f65b58f306944dec
F_Normal/FN_106.jpg,F_Normal,train,130894,ade8ee96331e5d3afb65c29da8709872e1592f392051dfabddadf22dcfaff412
F_Normal/FN_34.jpg,F_Normal,train,52366,e2c72ced179e2a868e66920b1da1b56140eea46cf7351034746884c6d006403d
F_Normal/FN_86.jpg,F_Normal,train,131946,073c13af145c3d3e1bf6c24c00998b5806e371b0841a19dfb6814162af8f5cf5
F_Normal/FN_309.png,F_Normal,train,808187,cc624d766c63738a1ae3aa385d2f74cefef01c35e8c9c8a81dc4b8b4ae6b3158
F_Normal/FN_334.jpg,F_Normal,train,397293,6d8ada15217e72d503517a425b7b53a43d0ce31b01aa45a67efb6ff1983e9eda
F_Normal/FN_460.png,F_Normal,train,637493,5a7d94c8e04bfd3ed6d3c9f119b0d909da2ffad9201d171e556beb067f938376
F_Normal/FN_361.jpg,F_Normal,train,349666,1128a68e3ad9558fc48291c7519399828154b9c56ab6cd3efc52666a5a1e3bde
F_Normal/FN_278.png,F_Normal,train,926345,26c91955c3caf0f39e18d8a45543fd32ed8f113f12ea5a5fb942c833ccd1d917
F_Normal/FN_218.png,F_Normal,train,1050613,9e5a50a8e7791d21cfd07768a0d8efba9f95b0e2f8ddf4c03a58c08d82b8b90b
F_Normal/FN_391.png,F_Normal,train,950983,b637fa810b3a40f7054ca2ae711f13d495124d9266d33cc5ec5d5d3050d2cb9b
F_Normal/FN_39.jpg,F_Normal,train,45986,2c2691803593865c120d6ca6dccb3f8e2076355b1633eb7c0c65e50da7d82a8f
F_Normal/FN_100.jpg,F_Normal,train,127567,7d6f3134ef22af4d7fcef522e9390d2dfd58d4fed1ed072fc1f6e260e9e934e7
F_Normal/FN_115.jpg,F_Normal,train,122232,7e94e944622ead6162ac78435db38e8afcc3a6d4f16092253f7b4af1506e3b06
F_Normal/FN_89.jpg,F_Normal,train,200351,5c1a0ee39a8c88d212a55222663042b549b004a1c7f87b3198d2ce2394c29c85
F_Normal/FN_336.jpg,F_Normal,train,350129,13cbf95e59f02037df50b5f7c57eb554f9b62e04896e53b41e1680cb034e2d91
F_Normal/FN_168.png,F_Normal,train,898720,6aeacc02252e2d0365ea051b2d8574558036e19dff2e904299cebc713182fe5d
F_Normal/FN_327.jpg,F_Normal,train,405525,e2f801861d6c18af891c48d010b1755e639dad8c8f28f8cfb7cc8792475702df
F_Normal/FN_382.png,F_Normal,train,681915,be14418024ca4dbb780773dee2a8a299001c6683c2f821bb88b26ba327d23014
F_Normal/FN_415.png,F_Normal,train,969955,f1eb782eacfe47a5a6feb9f6f736e357a4dd8dc2de02ac1c139e3bd7639de7e1
F_Normal/FN_73.jpg,F_Normal,train,162901,d6eb81060a7be987f03b96beeddb008ea4505c3008c5568e0c0a131198c70063
F_Normal/FN_228.png,F_Normal,train,934977,6f34a6f24839694d0a34af75169aac4be0c28e374760a4d49f73eb012b967c0e
F_Normal/FN_53.jpg,F_Normal,train,9787,cd7e9b62c9905b131d4a2bdd2e11740d0ef34f77e0e88b03cf294d7b672c9a83
F_Normal/FN_159.png,F_Normal,train,1102011,7f5b7a70de9698c89ac018e473156fed14bb29851117b9a0fce0f5185b0e60e9
F_Normal/FN_260.png,F_Normal,train,911331,3e3bfb7b57e12907dfac9a59c76cc4cf2721f8033df307fc2f492cc13c181f45
F_Normal/FN_219.png,F_Normal,train,661569,077534bd97cce43845539bae946cf1e14384019e389c539c2e802612165a39d9
F_Normal/FN_229.png,F_Normal,train,1095590,fac65110ccc0c7caa36c8df32b4fafddefbd4f827185e1fe6bbe683cc4395366
F_Normal/FN_465.png,F_Normal,train,928635,b1840b7f751fe3ebaacb1f8c915a8db050b15fd2e2e5f16b061d13a65ba7f089
F_Normal/FN_351.jpg,F_Normal,train,467657,588ddd60446b0f57ac9f7f5e300dddb65a4ac6e691399faaf9e7aa06f5dde2a7
F_Normal/FN_341.jpg,F_Normal,train,348030,0aa98a2f0dfa5c6f2850d482c9194ac1e57f20e7a47e8125fdaca5148ceac45e
F_Normal/FN_69.jpg,F_Normal,train,86257,d49f542326dd31b01b9a9da0e1e8a725559160625220c34a332cb655abfe3f34
F_Normal/FN_287.png,F_Normal,train,667996,da461b78719ff091c0be503a4b822f992be7502e189534d134a51cf6bbaac466
F_Normal/FN_23.jpg,F_Normal,train,202233,7fe8d3765ab93cfed4926b37c38b14fccb9302e620a5dbf18a30fc0ea0f9a3aa
F_Normal/FN_489.png,F_Normal,train,1104510,963adc82947a002fd1ab128298b8b85dc81c9d2911b9c343822715771ac6705a
F_Normal/FN_349.jpg,F_Normal,train,398298,6c3f22cbfdb1c0452e1176c172f2b5684f2bbdce49f9c832b15b605db6c24b5c
F_Normal/FN_406.png,F_Normal,train,975393,311733c9421c074d84cfe573bcd2271d2f34cfdb684a2696079849eb77c47470
F_Normal/FN_68.jpg,F_Normal,train,95724,ab28ee46ea67b17fcf8b4e9e41b910b2caf7d5f2f23537c7d6cab68a143a5563
F_Normal/FN_385.png,F_Normal,train,1102388,37f5f59f212e3bc5d645521e84d93e55a1c8da7fbd1e6840ed922ec1968686e6
F_Normal/FN_114.jpg,F_Normal,train,120786,a1e5c793a859cbbb8820f4927007fcc0a3a8dad77e2b0638d70c7016e93aa726
F_Normal/FN_52.jpg,F_Normal,train,59659,4a069d39a607bc90da9401b43287c412b22f5cfcc659c59e30978a18aa2c9894
F_Normal/FN_117.jpg,F_Normal,train,163363,403dd7bb0381551921bcc157d740a03c637925948d7ee156365043a88ffc571e
F_Normal/FN_216.png,F_Normal,train,701620,b50236a618a27ab13166c1940ff9549e2b02718ff178eed2f37e727ed15688fe
F_Normal/FN_313.png,F_Normal,train,684185,9e3dab3a28470bf00a73d8045bdcffc9c3a11d47129b5289dc607f1997ca91ec
F_Normal/FN_366.jpg,F_Normal,train,226580,3a7a6dc2df952e99884e6d54e3f36af028d2824659a3c6c14c4a31fca3960899
F_Normal/FN_357.jpg,F_Normal,train,596501,211bd05debe1af1b3d672c2818ea6d7267f38e9d8a8d026518111384ec5486a8
F_Normal/FN_401.png,F_Normal,train,1436930,2d1b43bc3c465a1c225a8ac40c4cb411d5126843066498486a9abd2a6592861c
F_Normal/FN_37.jpg,F_Normal,train,151740,4fd0e50a93395129d502e178eb664bd743d2d7900465f40d50c656be240a3382
F_Normal/FN_233.png,F_Normal,train,959401,fc133802513988504aec60b9f87540420a480c3dbe418e3b1ec7d23bca5a3513
F_Normal/FN_282.png,F_Normal,train,1090388,f90d4b8e56c031ebdc23723aff30c362ac60f54401536dac329eff93464c7d3a
F_Normal/FN_448.png,F_Normal,train,948916,118f1de9ee70850107b2d2bd045d74162099df6ed003b564eea22bf608229fe4
F_Normal/FN_458.png,F_Normal,train,896292,740e4b8110fa2bd036c9549dfca19a8120b233ea2e10be77de68cf579782b055
F_Normal/FN_270.png,F_Normal,train,4973381,ff0ae6740e3a17718f098096693d6c3aab076fd9ee4bac4e3158d9fd262bb646
F_Normal/FN_280.png,F_Normal,train,1000277,cc47bd777e190db8cb8b9c64af9a25a23a9bedd82d967a3078652d15737a571f
F_Normal/FN_476.png,F_Normal,train,980506,a7399d455f46deef17dfa69d5b2deaae4d7cc16ab41542ebb24ae38e9adb1174
F_Normal/FN_111.jpg,F_Normal,train,151706,5872765b1246e2031c644f7374d4e22a702139a46ecb72af872c98b8fad8a893
F_Normal/FN_149.png,F_Normal,train,1348730,6aef4b0a26f0039fe62e090d27f8e564d479b02ccaabb475751f8e79969e8775
F_Normal/FN_167.png,F_Normal,train,988661,d82adbb8ce3da4de0e426455add581735ca551d8fa285a201a540f88c51dd148
F_Normal/FN_355.jpg,F_Normal,train,583466,9df9504abdef1abe194a9b14a0bfbafd996f51252ad964caf4d76936935d3709
F_Normal/FN_134.jpg,F_Normal,train,177861,b1ac350681332bdda93eaf144192afefc2981047fa0a850b80bfaa3af81e97c1
F_Normal/FN_451.png,F_Normal,train,975809,bfb5ba7c93b3a949710bf935c74ec8ba84bf2149897ff123ded02c5cf10e93f4
F_Normal/FN_63.jpg,F_Normal,train,118044,5fa29535036820f8ea6792276a201871146771bb17aad6ad9c15edd5019e1751
F_Normal/FN_330.jpg,F_Normal,train,592991,f99e62466d11f686281d3c4404210d74a2b153737ecbfc71d6639f90cd107ec3
F_Normal/FN_26.jpg,F_Normal,train,73913,a475431e472614545dac592a02881d0913f77eb1dff8f132a8cb539f6369ddf8
F_Normal/FN_290.png,F_Normal,train,1231927,2f733fc958f66964ce3ab05015861b83cf755f3effde20dc3a5c1e360cc6c9e8
F_Normal/FN_74.jpg,F_Normal,train,206877,4c22ad1805014188976dde96a22fb66908c513ac1d5629ef829a5fc18d18d16c
F_Normal/FN_478.png,F_Normal,train,674165,bf5ab73bb07041231722ffed7922b2226250312145e8fc4f55296a9cdac0b156
F_Normal/FN_16.jpg,F_Normal,train,188431,02eb408d51d5e813f75d8ad8cae0b170895f9fbf6f86995fd4ae1eda40856d8b
F_Normal/FN_189.png,F_Normal,train,1260719,3039a6b8cb45641958bc6a06f3d00c22b3d5b3cb4d3a82cc5af7a7c5e2e44a9c
F_Normal/FN_78.jpg,F_Normal,train,167061,771521a1dd1e7eabb6fa06da57166d73bc42b19016349de3391ae228dbe9b6d2
F_Normal/FN_187.png,F_Normal,train,1120223,ca48388c94079adb985bea3635ac8404cca3d5620cfd93183a4445c4ceafd10d
F_Normal/FN_276.png,F_Normal,train,3009694,162cdbaf690ae6f6585fef2551e814f314d4209e6f0ed6d90fe27f2e4c2fe080
F_Normal/FN_404.png,F_Normal,train,707765,887074fc39b26199fa60942b9d7e7b9162f22e7b45ef0c784c5fb6fb1c4f7d79
F_Normal/FN_359.jpg,F_Normal,train,455009,284a0aa68c08172d0009f2522baecb055c52262b5abf54c641d7255c6e2c8f9e
F_Normal/FN_386.png,F_Normal,train,808475,1023154536b3fb5e5d0766acbed3b9292b56a452360fdd5701cd4818e594da1a
F_Normal/FN_60.jpg,F_Normal,train,152932,af8f6c1f12a4934430fc571012be27879ff963d0907a0738ec18a15ef52c04b4
F_Normal/FN_210.png,F_Normal,train,748873,45604457c7b0ca3dc3b02e1f4fdece944f641899c87315ee935f71d0ded62005
F_Normal/FN_317.png,F_Normal,train,782412,437a429b1640328f35b13ed1f0728909ab75eb828697a114353e7bcd1d165e7e
F_Normal/FN_137.jpg,F_Normal,train,93970,67c7d739845e30ce37221764eb41b1e987f276375fd812a0c4a938647ad4213c
F_Normal/FN_153.png,F_Normal,train,2725754,b825426516fa9b66ab71565ed9e88381ec200b9fce84d3cdce5d24e89b64d109
F_Normal/FN_272.png,F_Normal,train,3504208,4d5e54d51f49ac8116c1acb445151366ffe7a7d8f1b6a5c0b4375cb86443afbc
F_Normal/FN_48.jpg,F_Normal,train,124371,58e18b5ed3d870c8a3af19e1b23960d30ffe6062879b923a1791e126ccfa1dc5
F_Normal/FN_339.jpg,F_Normal,train,541413,e78b0dd5d54d51ed249cc56b7b2af61b95e50ed0e7c025df1db43330763f987b
F_Normal/FN_328.jpg,F_Normal,train,364545,a5109c3b424c815c6167cb6aea01f1d0680ab1dd1507e7c9ac7d46ef768523d6
F_Normal/FN_445.png,F_Normal,train,684245,da792d52e6dba9c09c61ddda7076ad65cb7326fcaefa96503b347ff31b545334
F_Normal/FN_97.jpg,F_Normal,train,96295,8fc5992f397374aa32f157d6fd38f866d227c23d6b1383e7e284edbff23d326f
F_Normal/FN_302.png,F_Normal,train,1260222,42bbaeac27ec14733d2bde85423cc46e65637f39068b4f07ddddd4fae88d7df6
F_Normal/FN_95.jpg,F_Normal,train,126734,79009a62198d4c357030917e5926a063800169ca13669e0a0a42b0c921b92a09
F_Normal/FN_200.png,F_Normal,train,1028413,0632b72e7d57f175e7177ba8579a1e06ea201a0ca5cff946fb950b400e5084a4
F_Normal/FN_116.jpg,F_Normal,train,189075,c60ca8bb4e12ece1e5acc9e39e1738beb77416a18c6791c1af4e11ebea292a33
F_Normal/FN_296.png,F_Normal,train,1190276,350a523f7b8871db57d9eea772cbd0adf7bc52df9ce2fa0bd0abb2a25472fda4
F_Normal/FN_205.png,F_Normal,train,1114794,feb3e65e09a8e2e2533344f899e3070a431a18dc904464285ada1f1977bba179
F_Normal/FN_427.png,F_Normal,train,1102413,5f80a3b3c1cb66adc896057f94c3d0ba9a91f0968b6530f3714316df334b3339
F_Normal/FN_446.png,F_Normal,train,972171,4629746fb12cb0d172c615590f3b8f471cc34294ce904ebead2e39b36d7e161c
F_Normal/FN_493.png,F_Normal,train,1110086,63ff8e780940fe89916aa109df4684ef9c4d8d53d02850763629a241d8169fbc
F_Normal/FN_363.jpg,F_Normal,train,205751,301468aa4feb4b21073a7ab26d030ac655558c8b90dd085d85f8409cbe9de8ca
F_Normal/FN_93.jpg,F_Normal,train,189517,62ee6fd6be9bcb4165e2fd67c954d49693f72d88ece49f868572e2874c7918b9
F_Normal/FN_44.jpg,F_Normal,train,185209,eac22216dc8d8d0a51daf40347e5753189435c910aa64399118ba13d4dfa1973
F_Normal/FN_316.png,F_Normal,train,1158270,80d54edd1af8145bf4ea67df7a6afdc26438cb0ff5041e1a797bc0db6a5a6b65
F_Normal/FN_500.png,F_Normal,train,1038306,efddce92bd34dd138dd84d1362fc3ea0b6a5ef19e89606ad99653bbbdc94e7b0
F_Normal/FN_491.png,F_Normal,train,1031604,98f7f03ea95f62ed210550173cfc10c3e8bf5cc03122e3c91f6a608244439a61
F_Normal/FN_123.jpg,F_Normal,train,115819,253bf0c95a7e0ab377961a5ca6482b2c5f294d52e10234f1fcb188edc8fcec53
F_Normal/FN_298.png,F_Normal,train,1007447,220d4d9b0cdfb3771b1ba31a6ed01f5feb221766565a99892e60abac319222c1
F_Normal/FN_71.jpg,F_Normal,train,131129,48f178cedd3a2e3ff4191f3d0a1569864daba1a6450ade8e4dd081f2417d4a12
F_Normal/FN_177.png,F_Normal,train,1134242,f47df483eabb06ed84638408a09edec605cb27774a5959554f57347aa1c04379
F_Normal/FN_424.png,F_Normal,train,826344,e1ad5bfc866bc216a0a50579b6a38f5fd183465bdca495311e1043b8ecde202e
F_Normal/FN_192.png,F_Normal,train,732022,720600f7e22c49d5ab092481472e4fa26ca47fecce747c11ce5bdc3f68df7db1
F_Normal/FN_82.jpg,F_Normal,train,152612,08c886f61a2c0f1ad7f33c8b1aa12b4820be38788e411a3889765dfdb25e3120
F_Normal/FN_121.jpg,F_Normal,train,245373,a25ef5b0e1d7c0d26305820243c66506ed18312ecc9d961463eecb91b1f40f73
F_Normal/FN_376.png,F_Normal,train,334050,9de042edcd8c7b9e36fe1f18b7884ae2d4dcbae913b54c7e21c9c24fa6dfe1c6
F_Normal/FN_25.jpg,F_Normal,train,107948,a60c6693d745b706627facbc949b827d367d80cd5063ce3e5a7f723e349cbd9f
F_Normal/FN_54.jpg,F_Normal,train,153507,634321452ab3f6a82c1bb3bc446270e49e2a465e62a0e3c76ffa7aa8baf748c2
F_Normal/FN_77.jpg,F_Normal,train,69040,76b8e68e2693dfa86077e9227e281c9b1aadb14a516b3a330bac960b99330221
F_Normal/FN_469.png,F_Normal,train,1055076,5fa30d609d27c22744ee773d96625da29a34dff712e221ab41b031a480b109f3
F_Normal/FN_299.png,F_Normal,train,910172,d1e4e6c4c9e113eb4bf1973de245c544275ad61cbcd9a15c12b570dde8fe3587
F_Normal/FN_474.png,F_Normal,train,1173406,b2fde11b8dda41066206770cff11044353149ce2265e56156d5bdbbfcfb4a9ee
F_Normal/FN_194.png,F_Normal,train,801432,982123a77dafa3b70bf2f3559554d136fb19bf6d285da76e7ee252735d8f5bdd
F_Normal/FN_433.png,F_Normal,train,1192563,87bcb5a46a6eabea9b5c61697360f8ceb1d812ce10757bb7c16b0bf327979c3d
F_Normal/FN_180.png,F_Normal,train,991318,78e8693062252ae391943311084962efa72e55887339f0910ff6841eb035c257
F_Normal/FN_56.jpg,F_Normal,train,108911,3665037a72de88f767136a91e1c899e4453701acf1235bf2eea18f95b3c1a4f5
F_Normal/FN_250.png,F_Normal,train,1328824,633763812cc561b334d15424d44e21a3a38afbc219dce76539fbdea1f0ac11c1
F_Normal/FN_315.png,F_Normal,train,785573,1ea2ca17e7017bbeda7b581f2f892e842d10f5c4fdedfff12a67d37d67f10285
F_Normal/FN_461.png,F_Normal,train,1423313,36c4609ae44588b51688e46287d6569e19710a8e9e9d9140a69d956500919765
F_Normal/FN_142.jpg,F_Normal,train,103829,6ebedab25d28f162fc1ee276e4103946e3e68d7b76bdb922e58bea8d26e9875a
F_Normal/FN_193.png,F_Normal,train,1149874,3d77c4c07575d737f369bf711ed1444e365da99d0af45d0405c0ab18dcc38ac3
F_Normal/FN_285.png,F_Normal,train,625085,a0e6802b1080b283b1dc590250b4142d9dbec01b223a50268d0e0b293b6a504e
F_Normal/FN_321.png,F_Normal,train,778319,0031b9f222b7f686d4ae60c2db98a1e45dbdb129c1d11058fd913327f24755d9
F_Normal/FN_28.jpg,F_Normal,train,203383,36a7fd0631d6f68854990403fdadb50dc1c3c4dbb307e3a3055305f459f028de
F_Normal/FN_155.png,F_Normal,train,948716,c9a416ceb147ad6335c280ba294177818a07fd91a7013c9d4ee59923a5e0e912
F_Normal/FN_79.jpg,F_Normal,train,84386,8fd705bcadbb38b14bb60d6d4f605d4db2ad2b508195df3abb5d1e037a84efb1
F_Normal/FN_231.png,F_Normal,train,923996,68e7817e6df5f03bb5820bc5481383112d0d3a8a35c550f9534edc0443fea3af
F_Normal/FN_230.png,F_Normal,train,1026112,c45ddcbfdd83a7a4ab5c5068099df922b9258342889e853efd19b59383429ceb
F_Normal/FN_301.png,F_Normal,train,836061,e47576d58dc88f04562b59eaba71cb2f8f33aed9e4f8920a2fb81e864e481e82
F_Normal/FN_479.png,F_Normal,train,1191395,00a67e924e9be522e63490d7289dd712b462725a7ba28b1e9e71b525fa55c011
F_Normal/FN_85.jpg,F_Normal,train,96395,ee9cb45ddb5442b06c6911b8c68e4540ab0f6a9c6ce470a0fd70da10d5b7ac93
F_Normal/FN_91.jpg,F_Normal,train,188900,bc88349495d92176e5861c7f7104259cae193e6d324a2f385195d277ed002c28
F_Normal/FN_55.jpg,F_Normal,train,108559,deff6ddf8881cd8e12f368a6e88566a2ba953d42986f4bb0742c439f1cff2cc1
F_Normal/FN_198.png,F_Normal,train,460186,50bd07dc2584ab0a2695ecaa46924777cb2c14bff95fc39b86cb72099b79c0a8
F_Normal/FN_364.jpg,F_Normal,train,231618,1d72bb00ff4bca124be43615fbcb84843332ff0d6cdc8810efdc9216c9788e97
F_Normal/FN_496.png,F_Normal,train,985814,d45d4c6817db6ebb01c3f850663ffd637f0d90346fe93504a3b75f26aa29de28
F_Normal/FN_208.png,F_Normal,train,978879,39014064b87e6c216760aae53a74a289ede900b9bd97a62f47a7f61da2b20f8b
F_Normal/FN_338.jpg,F_Normal,train,447476,db48feee1a2fcbed4a427657cb6ca1b9572d17d26f038620868b74e151d1a757
F_Normal/FN_251.png,F_Normal,train,958312,4e4fbc98788ba958cac87536133038d4212471259abe7465b1b7a488e90a5d2f
F_Normal/FN_442.png,F_Normal,train,970840,a1480c5a3c866cc3d6785e1a92642468a23e9cd542e0528a734073874f5d808c
F_Normal/FN_13.jpg,F_Normal,train,218214,9c3db3557d767087b9013e34c8f40c3954a031679b8b947b173d2c487bfd6d4d
F_Normal/FN_340.jpg,F_Normal,train,467758,169e55f6a743addaa4cc04e90e147e4be5956496e7047fe79c8cdf67e60aec01
F_Normal/FN_126.jpg,F_Normal,train,378268,c8ab2d5f49e63f34112a959290f021e4ec84105de934ce55844d4714dc583553
F_Normal/FN_46.jpg,F_Normal,train,80560,a4bdb208cff064b542d086e7954f3e363a4b8a93d4e5aed342c1fa0a9067848a
F_Normal/FN_64.jpg,F_Normal,train,394876,4d5753ea9cb875d131626b073f9c7aa05dce02e443795ceb6f629dbdd6fee592
F_Normal/FN_418.png,F_Normal,train,866051,9617596a29214651694f8701e93efb688bdcedc74d9c03f3a2b21e7adb3a237f
F_Normal/FN_443.png,F_Normal,train,651916,6c2c981c142bd06fdc61996ed673d4f8ad3d74d2a16c0c28234f0885d3806aad
F_Normal/FN_108.jpg,F_Normal,train,106185,ccbaa40d73cdc5622f28ada51e1b67f6ac595cf2b9e34564f765fe2e58b4f2c0
F_Normal/FN_255.png,F_Normal,train,533078,c0f952997eb5bafcd0f2060e1267eccb4255c37c017e0484e0de73a18cc45a21
F_Normal/FN_407.png,F_Normal,train,1437662,5fcdbec926ab65bc5b9285b8ee6b5840018a8c0f02f81440ac9f62511880cf1b
F_Normal/FN_202.png,F_Normal,train,582006,267c133094f0e2f8655ebb5ec1192a80c57e42047f376c7c3eb90f92f526067c
F_Normal/FN_426.png,F_Normal,train,624637,4b28414535d780b9ceb221f31d6a138eb78d3e183f5b6fd0c1a1cf67277769f9
F_Normal/FN_154.png,F_Normal,train,2217302,ad6fcad2e6c3119c9f73d72424d99fdfddae65ae01d186c4d93464310f9e89f0
F_Normal/FN_307.png,F_Normal,train,652150,267dda4914ed6edf4c15233fa8c4ca017de4465001fa500eaa704de7b59e39a1
F_Normal/FN_337.jpg,F_Normal,train,386425,95aae4e0cc7b031b4db91b1cf6eebd537decd41f2a6f4df04607a66a169c1301
F_Normal/FN_300.png,F_Normal,train,1329218,baf15690dcba409b05216475cf73bbca3be2f3e1e8a6db8fc47e175c20547828
F_Normal/FN_380.png,F_Normal,train,730602,285d9cf61b3ef4778c22ae8e5986758578791a107329fdf0651dbd3ccdebad2e
F_Normal/FN_42.jpg,F_Normal,train,28054,d1cb712ebe7f6408a38d71c03e3da3da2d970a0cdba9a1d0a6758a6dfcbc6ae8
F_Normal/FN_242.png,F_Normal,train,728492,8e022e68816d856d42275a53cab2c0ec4542039513a76c6946ac9f896eeaed26
F_Normal/FN_191.png,F_Normal,train,1026846,3d5d6eae67bd5e2cf090db1597c9cd25ed888aa4eb45d640df42992a4c926ec8
F_Normal/FN_379.png,F_Normal,train,1074174,b519ba0b6fceddfdde72f6961b45e2dc935c65e6ffc1fd49b614024146fd5977
F_Normal/FN_434.png,F_Normal,train,916626,808b0bb3b32b04be2b2cd3274416e73b844485228b1e936d38b1d8e1d650552a
F_Normal/FN_409.png,F_Normal,train,973056,38ab4b02f2fdab88dced669f88bcc85a0fc6dcbc9652945d4cca3d3ba7702d84
F_Normal/FN_402.png,F_Normal,train,1333667,a210fa31ce008af73f8f660e84c58d03f6a1d0acb3a2f484b35805c51e6a32ce
F_Normal/FN_428.png,F_Normal,train,780309,e31271e5d275fcced4bf16a64605c8c100fb6ec4d843ae917e23cd1ccb92a694
F_Normal/FN_175.png,F_Normal,train,1356843,825de7d3a2957fa52d85a7b3e8821fde67dd2e7f762ab66d8cacdcd3f616b3c4
F_Normal/FN_352.jpg,F_Normal,train,361485,e1392a91683e86a5698b8bbecb7e757eded4eafe5929f2013b6a9883c697688b
F_Normal/FN_318.png,F_Normal,train,947864,fb936776151166ed86da8e00b84d600d683857032b91c806f6fce0858485a161
F_Normal/FN_158.png,F_Normal,train,1286105,347e1586ee9086add704c3adb0d4a372bb36fe074f5275ff5d9ed837498bf7f6
F_Normal/FN_157.png,F_Normal,train,1018683,92455767cf1491f7a7c36441de210614944e3b5a891ed3efbe985a350afd05c9
F_Normal/FN_344.jpg,F_Normal,train,386484,baeea5c6d82fb36e58f82e0f7d31b1c8fc820e987e9757ada4d211d6703efafa
F_Normal/FN_480.png,F_Normal,train,854846,bcea3886382526dba54a9d69f4c5bfc385b129e6b0fb48e0f4d0d071b3c72dcf
F_Normal/FN_322.png,F_Normal,train,1301810,2de2d4733f2042bd409a5e4fe836881ab454b32aa89ab1957f386e540ad7664b
F_Normal/FN_138.jpg,F_Normal,train,215115,0ba3a9733174e124ba0be8cc3dc6f1d1fa9143f15de0721a245fc61c0b5ad4cd
F_Normal/FN_475.png,F_Normal,train,1292482,efc668487bb512455794efe4a8fba7732c799a2a8158ea80a81fa69cee394290
F_Normal/FN_437.png,F_Normal,train,841376,df644e35f4ac77e35369d37e9a670647967f2be6743473cfbd0abd4e3238b34e
F_Normal/FN_21.jpg,F_Normal,train,111525,3c8af3f4d369b696e49fdf9c982838433b2d87b22eff2669b056b83e3fd9b807
F_Normal/FN_125.jpg,F_Normal,train,112768,fc64738efe00572c4788a87de69946bb759e5ecce9e903fd5b46f41bb95b2295
F_Normal/FN_209.png,F_Normal,train,1038294,a79e90b8eca648a739dfa68d82925b63a277fbe0b4ed69ab32602219976c5312
F_Normal/FN_240.png,F_Normal,train,707817,c677c9c1023af0956f55b59d9354bcf71170b11cc0cefff32617eff4d63b7a11
F_Normal/FN_419.png,F_Normal,train,1082725,9a564f2496a1fdbe8b5d65fe7c720f306fb1e5088a61b8e956fa58516c63b3ce
F_Normal/FN_397.png,F_Normal,train,642411,1cc7ec61a8b771d057795166c1c7e7bf52b75d81c1e8b4fa411286e450e4a003
F_Normal/FN_107.jpg,F_Normal,train,140554,0db1eceefc802d3cad0b3ae5e95ea2df710b88b8e8e4830d0aeb513e424f99d3
F_Normal/FN_324.jpg,F_Normal,train,545871,05e5c71cd182f4b5a8daa8ed5e868a080da84276d7f455823f40e71b134e3626
F_Normal/FN_248.png,F_Normal,train,1033822,007841604e7515a579fc7b9f858542edda6c3d678bcfa26c21eb8e2645184f27
F_Normal/FN_375.png,F_Normal,train,872961,cc0cf0147119b26c88847f02585b5cbaad09cb0df9e201f5621dc12b59660031
F_Normal/FN_1.jpg,F_Normal,train,384120,96ec4e6e825379d4b9a4586c9f07cd44767e5304aac94a1de41f3fc0f0f27cbf
F_Normal/FN_343.jpg,F_Normal,train,343062,3bd74f77a441eaea02bedaeff1ba74ac229e0203869528bbb02928d9b38a350e
F_Normal/FN_348.jpg,F_Normal,train,325613,11550bde6772766baf92ebd2eb0d083b81cd7f02ec1ef627d684241ed484eaa6
F_Normal/FN_173.png,F_Normal,train,1238473,d0d4267ca69324fd568f896ebd28cdb64c2b4fc86bb15660a187098e26e7d016
F_Normal/FN_271.png,F_Normal,train,4263504,5dd639c8d2e72893dcaee5489e33acb589659fd78725195224f927a5f02ccdad
F_Normal/FN_411.png,F_Normal,train,858418,43ed41afaaf0ddf08704ad531fa9e688947d7a98fe62d78ada66edd1b13b4927
F_Normal/FN_75.jpg,F_Normal,train,118112,ad0ceb4d57af56eb22810ab16bdd6a1bd9e03ee93b90ce60d219472285df4be3
F_Normal/FN_459.png,F_Normal,train,959206,99eb01ea1bb44ede68a7e3faf38ec97194daf2b8e000d77e8593ac5a7e50b81c
F_Normal/FN_387.png,F_Normal,train,573370,31902009d0d633b8c4b901f0f6b735db250dc92c7fb1c9434d0b983f0b20a854
F_Normal/FN_236.png,F_Normal,train,711348,59785e6aa6e4241a027632ee9793c15170d0e20c9ea54ed2d72a48dc9c2019f5
F_Normal/FN_148.png,F_Normal,train,1265572,4a0894369a47973d1d9cd64836c794e3a6dc34c6049ee7fec90e11b95688b0a0
F_Normal/FN_332.jpg,F_Normal,train,432945,661f8e491aed088b0ed28525f1719cc9c06d689738b4a9f3a099652fd3aea8f5
F_Normal/FN_181.png,F_Normal,train,609289,3420f6d2a3aa6772da13b5dda9659848f3f4dbb37942786b5e614af2ed036026
F_Normal/FN_33.jpg,F_Normal,train,135225,80297f745d785a2e5883d65919b43cf473116090378e1c299e2b7f69c97f1b2f
F_Normal/FN_487.png,F_Normal,train,650112,0eddce0fac908dfae49fbbf40848ade49a2b08c8c0b1d54df84a11e3f48fbc85
F_Normal/FN_10.jpg,F_Normal,train,153896,7e066da2f635fe9dc9546c900111f8fdb9268f02c52f2540a217585d16bed204
F_Normal/FN_62.jpg,F_Normal,train,136941,b6882f3f4bfaef68f19422f4a85f0a66a3ed26b35050b0c159ffa23ca8efc79b
F_Normal/FN_171.png,F_Normal,train,1163618,1867f85e11495e2b3c4d98515dfc3829447851c9283f99397875f27dd6bf51d0
F_Normal/FN_3.jpg,F_Normal,train,176508,f40fde22f823a7cbe4efb8bd8f3e1489be01ac47f93ac5a153df960ff66d17c8
F_Normal/FN_488.png,F_Normal,train,1031348,690710451a5a7988d12322cd3ce33a89919ea0d8f5e8ceaafa9bd5c7dbe02b39
F_Normal/FN_98.jpg,F_Normal,train,178603,3f02b6dd2336caade1cf5e48ef12200f6aaf112564f7786fb21fd1e4ee3c414d
F_Normal/FN_59.jpg,F_Normal,train,223625,0348350c1d7e75c5a7417232f9d29451715b0bae1b192346dbe8f0c7b3aadc6e
F_Normal/FN_395.png,F_Normal,train,1059841,9230028fe54a2ff2d4fa009fa3384e79c4c4e03a6a5c561517d73ff1e857d61f
F_Normal/FN_463.png,F_Normal,train,1428525,c0fc182271a03e1741dfc017c84c5b97853b6fba30b10566b2151fd8c9c0f321
F_Normal/FN_492.png,F_Normal,train,1519526,c26c1660a911d54d436ea45947f92b165d12b8b76e1e9709cb33a8476960d54b
F_Normal/FN_151.png,F_Normal,train,1346443,240fdc9904e2302cf1585937cec92a7aa13c1acecf9fde38709ef9193ce86ec8
F_Normal/FN_103.jpg,F_Normal,train,50272,92c1e1d67ba85c080a8cf0a270a3374c524bd063116109cb00d0cc7f3a04198a
F_Normal/FN_354.jpg,F_Normal,train,342188,7f5ed72ad8bab912f98ffe944104acdcc1bb487e1380b3d6210b39523b2cb1af
F_Normal/FN_214.png,F_Normal,train,820043,258b9cbcaebb46397c63c89d9543edf6ee1c10a7fa16aca16faeac5778682621
F_Normal/FN_342.jpg,F_Normal,train,511604,daf5102ba4d2023b20589f7972b7d4813b01830972f87d6ff04783684da40baf
F_Normal/FN_314.png,F_Normal,train,1067620,cb46562cd80b2d6652ed5478b49985f5aec618a5dff0a726c7a48f297c7c593e
F_Normal/FN_464.png,F_Normal,train,1080714,d3ce54f225f3347ee6a2f2721520e7666e3653e845432ff6de4f3f981a5cb011
F_Normal/FN_275.png,F_Normal,train,4270723,647c31d3242b985a5244ceaafdd8f690cae09fed88d04171f7794af593f242eb
F_Normal/FN_277.png,F_Normal,train,1241731,978d7ac9c1c2bd092a03f4c95e312c021ea8788a467da764af28edeaae5854e5
F_Normal/FN_128.jpg,F_Normal,train,166873,065d5d5e55d3dcb965499a362f3aade803c666e4ddea63b53817d33495ea78ae
F_Normal/FN_374.jpg,F_Normal,train,398232,d9d3e6d137b5ba0fa04ed4dae4609cb744293b8cfa8a35b5eff582bf74c767be
F_Normal/FN_88.jpg,F_Normal,train,125982,7767e33048f35cebe9972b121581b8cbb2fdd996c4136731224c95687f54df09
F_Normal/FN_61.jpg,F_Normal,train,144636,acae6dcdb4c57bee3d1306b3281a06cbc00901519336cf89f76ac5b6152c47d0
F_Normal/FN_486.png,F_Normal,train,906847,0854282418ae4c48445ff3772598dc388389506a0da2beab2ede5dcae0594935
F_Normal/FN_17.jpg,F_Normal,train,277948,6abfc6f1091d66f74716e907e36af533f5b43e8661e4d560cf25bac7142fa92a
F_Normal/FN_15.jpg,F_Normal,train,94090,76b9c4682a167f25a0fa7dee5e30917700c7ad35daf9771cdd85ee2c84481b46
F_Normal/FN_120.jpg,F_Normal,train,152508,9b5f93fd17ecf77c7008eb756e2b007cb1570cbca06360b9224fa5e62ac51b1b
F_Normal/FN_140.jpg,F_Normal,val,99285,c8812f4141363b33f4713e85670ef5a571ac943a9cb507196ebafb155e5cb651
F_Normal/FN_326.jpg,F_Normal,val,427098,31491bf8433e8a605b7455740f184c4c1c7a83721323e1e27a9c7581c26a95db
F_Normal/FN_333.jpg,F_Normal,val,464948,259c866759063d6dfde54171d54a102d902667b648d1ad832e2fb68416ef1b6a
F_Normal/FN_162.png,F_Normal,val,925082,99839a90a31b1ff5d187f3b3fd21d004d04b5afae2dbc91b09cd6b2387a4c35e
F_Normal/FN_447.png,F_Normal,val,1237600,28f1e3afda27d2f72df59cf9dbdcc86e43fa9b9026dcbf7d56b4dda7f9adaf18
F_Normal/FN_484.png,F_Normal,val,1174226,2b92cfc6965c6ed353e04555f83df5753ee48302d2cbefd27871397f47073a2c
F_Normal/FN_283.png,F_Normal,val,898512,df75052822731c1d30791a9b4218f85d95dc2315cd2eb42a8a6b84113f950790
F_Normal/FN_368.jpg,F_Normal,val,516459,ffca476ca8a43b98295f6494759880752ef86be4b2260615be7c245bd8b5b7ad
F_Normal/FN_297.png,F_Normal,val,885745,fe87608c2b0a0cb8713cf57200b299b516b48ad803ad775f964727191a693169
F_Normal/FN_369.jpg,F_Normal,val,334323,6575247bdc8196f4138251db180c54988af8b8d4081d66bf65841ac98fe8c0db
F_Normal/FN_22.jpg,F_Normal,val,125984,106e3faf4b69321c92571447a67f7bfb3266fa6d0f9ba0119ad44d0a919f2706
F_Normal/FN_347.jpg,F_Normal,val,176508,f40fde22f823a7cbe4efb8bd8f3e1489be01ac47f93ac5a153df960ff66d17c8
F_Normal/FN_76.jpg,F_Normal,val,154827,26890a14be3448581fb76a24b23ccc5d1aaf346ed5c1c875e95620e2ae652b93
F_Normal/FN_212.png,F_Normal,val,848233,7dd5ce446e111912b6284b6909d6b5ece8ca4faff6a0f93ff29202018e4bb71c
F_Normal/FN_92.jpg,F_Normal,val,131704,f809829f7100a32283e2be839a90fd0786e062a2b162373232855fbde6a85882
F_Normal/FN_497.png,F_Normal,val,634128,b118fdf46f52ece099a72223a3cac8b62d161eb70351271497c70adb1ea5723f
F_Normal/FN_165.png,F_Normal,val,1122185,3c3a5e3f891a3b22a9943b1eba0d023f66ce59d9890462f33411b0963e7135f9
F_Normal/FN_31.jpg,F_Normal,val,86976,52e960f3872e7230c1c4dcbd77de66a2ba0b585304d87fc7c1f70996106d00eb
F_Normal/FN_396.png,F_Normal,val,911588,9cd554697b7c1f64dd535ed61467361d6b44a7d1311ee81cfcdacc954dbe7d22
F_Normal/FN_281.png,F_Normal,val,649188,407e2ff827e0a9d920d09e309eac6937797f905bdcaff1af4c0df65453cbf843
F_Normal/FN_329.jpg,F_Normal,val,527793,091ae572c953ea4380847f7fd2a9e584cdacead7c7d50d2729cf0023824f1f0d
F_Normal/FN_400.png,F_Normal,val,1950650,8bf6fa1555a099c31de55dc9a00ffc91ab8d447e4447ed3e3ef7334223c84b6b
F_Normal/FN_438.png,F_Normal,val,1143812,412d1b0dee2395f436f0803e48c7a860d6dc6074b9523d65fa477d84630a6c76
F_Normal/FN_441.png,F_Normal,val,939825,f23aafd77be5be3cb2c25b72481ea000a96b943f42a0aa606b0e9c259f9399a7
F_Normal/FN_43.jpg,F_Normal,val,55834,3098bd9b70ac9405e9f025af93f7c28c5155ef8ff8ba4fdc25a0c2f3861925cd
F_Normal/FN_360.jpg,F_Normal,val,264611,e36aa85f84e2f99f55c028d5375c9273addcfc88e489cb4ba7bf2b9ca8baede3
F_Normal/FN_197.png,F_Normal,val,977955,5a12767dadef780fbf26cb298a2d0482560f0c959ee213005f8090f963848017
F_Normal/FN_129.jpg,F_Normal,val,207930,a489d940906136117d84c5ee919ee3bafba5d868626213fd7ec7050d384d52af
F_Normal/FN_222.png,F_Normal,val,925097,60bd71d4342de57b05090e7fc8ba16457464fd59f353b0faa4ef6daf1270e4fa
F_Normal/FN_284.png,F_Normal,val,853112,feac11cc5390f28d9bfd077d0f8e168310bee973d97ed856bc262b5498be4e3a
F_Normal/FN_244.png,F_Normal,val,570806,36ead1de2fc88e267f51772ed631b434150c24de8b00ffed5cb52216d4aff9c8
F_Normal/FN_83.jpg,F_Normal,val,120765,2a9809a797f46a9a185cbd9f582ea61d5df4ea02b37b7e45b2aa90e04d384f12
F_Normal/FN_204.png,F_Normal,val,1048978,385f849e319d7fc0d44b5fac33176e9a04e8eb514b66df928600552400c65bce
F_Normal/FN_124.jpg,F_Normal,val,91630,230e213751dbb203d5fb441a72a1bd0e56162c9bcef80782c8366cfb0c2af218
F_Normal/FN_249.png,F_Normal,val,768311,0779abe4b3a24598eacb1152f0e1ac4e226c7a129840176e20cdc844c20a5136
F_Normal/FN_414.png,F_Normal,val,968609,fe622d6f15c5d2f49fabaa87a3d9f6aef9a85f869c6fb060009244367754b60c
F_Normal/FN_7.jpg,F_Normal,val,112729,480b060db18c4eab7c35e4decbddea2c4002e2c19116a30f06147c32c36fa097
F_Normal/FN_356.jpg,F_Normal,val,340430,231da5c4c671b131e71edf6c392b01f5b4954c861aa374bb75f03de9380e18ae
F_Normal/FN_416.png,F_Normal,val,1280144,fef01c805f5dc710ab6dfa6098b0c3a90ae434ec6a3552ac99f5ee999b665965
F_Normal/FN_99.jpg,F_Normal,val,242107,190632298f91fc89408af7e4362ccdbf9f3b5cae11bf08ac471dbdc5d5d5aa40
F_Normal/FN_223.png,F_Normal,val,1121408,43f4a72da85da465156ab82a78392d66677c19b049e40558fe6d03bc1a6f51cc
F_Normal/FN_66.jpg,F_Normal,val,150753,ca183a822290fdc8bcd9dc1b69f12523f17c8008a99123b1a84261be49d64c03
F_Normal/FN_311.png,F_Normal,val,579884,5768cd236f6a03afcfae936edf27c5b873499fded63c916e3b431d5467116a4b
F_Normal/FN_468.png,F_Normal,val,818518,c2ffaad7b6f1130cb3b4c6fa827d69258110a5f67a8fc76c756a2049584adb26
F_Normal/FN_94.jpg,F_Normal,val,262242,c6764db2ece41f78b4e856eebf473a558dcc5a2c5b8803a376225b76210229f5
F_Normal/FN_494.png,F_Normal,val,826833,ee65880b0317a6dcab31e0e66b0146020c812c33d20047d99d1b87ef5a4f6135
F_Normal/FN_345.jpg,F_Normal,val,384120,96ec4e6e825379d4b9a4586c9f07cd44767e5304aac94a1de41f3fc0f0f27cbf
F_Normal/FN_178.png,F_Normal,val,746153,87bbfa6db1f87dbc793880d8ba300e1020a0a16a7dfa51c936f14d90c0b260dd
F_Normal/FN_47.jpg,F_Normal,val,293084,5159cdb2648b443376fbf4fe7564f49602f68f54376b08617fba62be9a75cd79
F_Normal/FN_38.jpg,F_Normal,val,614730,f7d65e2bcbf8f2ec8e9b955afd31143a2aeef320d69c4f645e1d08ba608b52d6
F_Normal/FN_131.jpg,F_Normal,test,120933,25470b5cdc2a6edf0cd09bcba5938a9c3880457ded5f62c31fe015fd21a1f492
F_Normal/FN_398.png,F_Normal,test,1420414,d29728ec79e94ed8b6f1653ae8ad27883c60b83e280f24bbe9ed9b1bb609a3fe
F_Normal/FN_413.png,F_Normal,test,790534,8ffcfb2dc59ff8ffdff2c4cd5270d01407f703a19b34347237add98334a55a5d
F_Normal/FN_72.jpg,F_Normal,test,216503,9150bac0bff093f3f05870454b1df3e106804f87be118864117d0756a171229f
F_Normal/FN_221.png,F_Normal,test,613365,4493f1c9e8817dbc47babdbbdc9df923fb17632783deab145c4973b3fdfe1321
F_Normal/FN_408.png,F_Normal,test,1044267,5843f033a285d92d4c38875e636527397f89e889fe0d1673cc0d5c1c65c64ce0
F_Normal/FN_196.png,F_Normal,test,1022588,dfc90577f58fb59188d1efbf7003a5513cdb9af807ee40a8a8c4b0d1b76aeadd
F_Normal/FN_262.png,F_Normal,test,1015199,5d7bfc6d27265516b3e7ce2b171f7ced60675251bbdff06cc5432a4652d4428a
F_Normal/FN_27.jpg,F_Normal,test,155173,5b3d1045ab3171cb5cdfc6e0e95c9b4266603cf70a3ea9baafe8f7c2f8d76d38
F_Normal/FN_174.png,F_Normal,test,867912,310511d094e7e56ae6e1ba49569caae056d4151a8e3a91015f0d3c041435b322
F_Normal/FN_267.png,F_Normal,test,4531944,e0b153b7725d109448257a7e2eead5778ecd3abca6cb15f979a80e0ca6d57fb9
F_Normal/FN_392.png,F_Normal,test,648444,0903a13c3c58de96d6a1135c322ef1d10ad0ce5b1d4d05d6b5dd094634bfffe7
F_Normal/FN_308.png,F_Normal,test,1097639,d0023d9d464a1b910634deb542db71aa494780a4eec9853cc41241332ad6c711
F_Normal/FN_58.jpg,F_Normal,test,136557,0fb731f9c341ece87849f46c4deaa1f281377b67cb29c4b2438f3fe7c886888b
F_Normal/FN_51.jpg,F_Normal,test,90132,4ce5bb9394ad1fe461e62a080b9cbf5e7066b8e0d56347a903d6072a1da3b00d
F_Normal/FN_145.png,F_Normal,test,2388412,c65b9771b422d61845f9282743fafe587b9c9667bea5c9bb721137b61549b4ad
F_Normal/FN_8.jpg,F_Normal,test,198043,23efdf45e4d6d66f920cb2e0c2d35d10805ffb6f408851398cd3fcb4f73a0e62
F_Normal/FN_5.jpg,F_Normal,test,163847,4be66bca29d5e9e77e35f7799578a097b301c2ec96669a4186f0a9c27aee4afe
F_Normal/FN_232.png,F_Normal,test,756705,f325c5e2f582d78cd2ca08a06f05df3f55cd6b4ff62c4602552fceb3bbc3a748
F_Normal/FN_455.png,F_Normal,test,1406550,9c69d03ba32fa4039b4ecfaea0cff07a25c914e4dbadc19ab90bdd8cceff1bbf
F_Normal/FN_203.png,F_Normal,test,1149317,cd40accc0b21cd54e63ca1546e48831f703fbc5ba3ad474c112eb6c595ec875e
F_Normal/FN_403.png,F_Normal,test,923522,90f47678ff40f4b6d550150fc56bb0c4c1b1ba88f15ccdeaaa1e09813be08cf2
F_Normal/FN_12.jpg,F_Normal,test,243416,d28e96b813484fb374792fb24245e0763c28457f87547d1600fa5f3c7d411b8a
F_Normal/FN_130.jpg,F_Normal,test,144458,47c3456b0c6cd4d725fb62ea010a599ad165faa7beef4d73a53e72c872959fa6
F_Normal/FN_423.png,F_Normal,test,1232864,e3b254ae143eb575698cad072293aa66b80bf6ddf0cea75acc40255525e53b98
F_Normal/FN_188.png,F_Normal,test,761925,5141aa033554a9dc7b487440819157a686ee66aefa0eb57304f5045ec9ea0161
F_Normal/FN_365.jpg,F_Normal,test,280580,63073cebe93afbb0693fba35e0f0901865cebb0bfe6c7ed2bd66cee7a1a1cd30
F_Normal/FN_266.png,F_Normal,test,847119,1ebba02deee8376b09027487710bc7c6d9ec3957e259d9bf11c7c0702a632905
F_Normal/FN_384.png,F_Normal,test,983651,6e38fd850d6589d49789bd681ccdb91c0e1b3bf021bd4ae0cc19a0b51c6b5969
F_Normal/FN_389.png,F_Normal,test,833321,ea00750c0c2bb99a7d4c7f4b4b452d68d65bb86a6c1069e5931eb7f57042e1bd
F_Normal/FN_481.png,F_Normal,test,1676877,d1d49f65d9622a522413684c9bbe978da2d110f901a6e29352e75d0dd4e6a883
F_Normal/FN_234.png,F_Normal,test,669560,d068f2764c1b738d4f4ab1a482305552d06be3dd10198f8bb6f424a09cd9a9a5
F_Normal/FN_353.jpg,F_Normal,test,346446,988706aa7608cf2af80abdf0ae58212beac41b37dbe3c7db6ca2a08eae6f7c4b
F_Normal/FN_135.jpg,F_Normal,test,208759,b00af3e0769c181a59b2b721fc52659cec81535f930b4e6b59bfbb9553289231
F_Normal/FN_273.png,F_Normal,test,5124389,e86a84e3ff9a49aa9d1175e527c41d28068b72bdb55db791a18f00e6748e5e9f
F_Normal/FN_156.png,F_Normal,test,1226476,0f65c7fa7252f902af8663092769fc7beffc05ee74ccab5c82e7b4430ffe498f
F_Normal/FN_346.jpg,F_Normal,test,492329,7432b183597ed8daeb4259c854536562f8af1fe59e9cc19aecd7d50ffd291afb
F_Normal/FN_310.png,F_Normal,test,874595,5a3cfbca2f61fc5bced68923b8a98755168694c4e0b4fee047fbc7f836e03899
F_Normal/FN_435.png,F_Normal,test,969672,e6268232c8458ef7b12d00821b44cecfb51b5cd486442dac11f4155e96a4873e
F_Normal/FN_119.jpg,F_Normal,test,105402,75c6b63b205fd5b8b3621e06628ec246c3a51abf98ded3f411d3891048481639
F_Normal/FN_471.png,F_Normal,test,1100544,3316ad77df644ab8896ff4a1a288c4494b19587b2b1b99c6a7f609616e96b8fa
F_Normal/FN_220.png,F_Normal,test,1010946,a2de88643dffa03fab50ac2bd7bf5db823448b17eadc13fc4bf143fffefaa17a
F_Normal/FN_378.png,F_Normal,test,1043250,7eb01222493693c51e5e52d65c92fa9d76e58f8cf9d90dee0f5f47c0b209e0e6
F_Normal/FN_258.png,F_Normal,test,1690456,dec192b50cd04f245e9b6b3665e34e2d2dee68973423c558252c0942ff1f1127
F_Normal/FN_49.jpg,F_Normal,test,113271,e91bc353b6960d775447dd61c5b0b044bfca55644109927bd3ba06e53e4e9914
F_Normal/FN_264.png,F_Normal,test,1066419,b01d1e78a4804bb6938080dff31c008666c188cff8f8828213dbe7fcf4da474a
F_Normal/FN_143.jpg,F_Normal,test,124148,438c4edbb7c37e10301180be00f608309bedafeb5c159c1e6c9e94ef08af29b9
F_Normal/FN_274.png,F_Normal,test,4182018,65ea9abbe196b611b386e7c78474ae946691979e609ef74e817d90ca9bd1acfd
F_Normal/FN_81.jpg,F_Normal,test,116765,b0f788c93159fed3321cd5740aeb5bc26fdf5f5bc77a88cf1b0e24d04feb5d15
F_Normal/FN_90.jpg,F_Normal,test,93644,98e598d3974fc2777f1648acd323bc6cd4dcfb545ffe4cb12b0ea7955a017b02
F_Normal/FN_254.png,F_Normal,test,460669,b14173122f4b5d5cdd7d4c319206a354c53687611c31ef4b732743fbb2a8ca16
F_Normal/FN_450.png,F_Normal,test,1299940,8d6270873be69ba49506f0a91203a79e8127252a772dec941229d67560358549
F_Normal/FN_199.png,F_Normal,test,587503,f2efa15ce15579cdfb256917b7908f8e168e994ab083affddf81f337f6ff476f
F_Normal/FN_170.png,F_Normal,test,974266,3ce0564abdbe353b1868efe8b6207a3e80b15756ec93cc152f88839f2dc9b37e
F_Normal/FN_67.jpg,F_Normal,test,100515,6081c1629ea5e70821e588aaae39f1264e25e42e7d96c2435d64a83499cb0fc5
F_Normal/FN_256.png,F_Normal,test,708402,55727902e43b1c97d1ee8647439a01e78a63f0f62d7f8bd9738e9b9a710eb10f
F_Normal/FN_84.jpg,F_Normal,test,94545,e3df44ddc6f730bac21de010c7f02db6f3e3068b1039d37c4235acbe7d0d123a
F_Normal/FN_420.png,F_Normal,test,1390352,56ff86395cf06fd0950427de1133bbd5c1e77f956b8765175930a4f166734bfd
F_Normal/FN_172.png,F_Normal,test,785141,7f4cd07e8fbe87f2771379b8d883951c4d244e95b3e0c5bc2e51845d5534bc8d
F_Normal/FN_470.png,F_Normal,test,1131493,d65674508354517c4503539e469240a64c9238311f28c093025568ecb8eca8ac
F_Normal/FN_449.png,F_Normal,test,888532,ec44a6fb6d99c28f89c06d3beabf11abc865fc65f2b315e2bcd36d36ad43dd5a
F_Normal/FN_101.jpg,F_Normal,test,178146,a9d7dcae65c9a0f8c3b123bf6ee24b0a78a0b25f29dbd426dcf718dfb3adcf7a
F_Normal/FN_50.jpg,F_Normal,test,153996,99a91a59ee5a3e587304b527e461c860fc32cbea46f4fe873cbc13afa7b7ad4f
F_Normal/FN_472.png,F_Normal,test,1035037,d9b7deb7c5fa877cea5b4d4000a14664eb609bea995087b49a2923ac336a2654
F_Normal/FN_227.png,F_Normal,test,935961,dfe0a56cce3e05c19bc41d16a2448be9547628e7221fdd193b65df37baf42653
F_Normal/FN_370.jpg,F_Normal,test,676005,336d607b53e2cef45e7d7b070fc058425665b94576057d946df6d6a207e7c2f5
F_Normal/FN_305.png,F_Normal,test,818818,8ca7e1bcf5202cb36267254620899415aac6791666ba5aa15885fd6cf5d9bc9f
F_Normal/FN_20.jpg,F_Normal,test,101778,31cba9e6895dc8c59518249abccc37579a7afc960183cf65415d878bb5dde7c6
F_Normal/FN_292.png,F_Normal,test,1066162,1c4221ae74fec4fb03782b1a2675d130b49ab46fd8f297b8e62fb1754a6135f1
F_Normal/FN_87.jpg,F_Normal,test,224065,fee25b87ec99ab5e93e15266136fecceb2bbc341e454e1942b5546c08a916b75
F_Normal/FN_422.png,F_Normal,test,1015165,069cdcbf5168b862503e68677080b38dc8d021246f242da15178d489c92c7e77
F_Normal/FN_399.png,F_Normal,test,946574,22bfe0a826430dc3525df1ed21e3b7f1ecdeada96c20e34cce028addb306e3ca
F_Normal/FN_429.png,F_Normal,test,1128165,9ae743b4d1837a3b1909f7ecfc2d7ab66128b3921ae8f7fa75bd116ec9c5c18a
F_Normal/FN_190.png,F_Normal,test,1183285,00d42611e3b9b5260489ba35018640bc700e3dd4b91b06c766e4965ff4589641
F_Normal/FN_358.jpg,F_Normal,test,441824,3763591e7792e4c9df61c3c282addca1a1707e1f76b97d3f586aa032a3f64754
F_Normal/FN_110.jpg,F_Normal,test,126587,222de1d73f9ae1d4523ea9c101f356f290bf864de70db3baf0f8476cc5d6c01c
F_Normal/FN_377.png,F_Normal,test,1376687,8dd2369eb7eb9c51322d0c0aabfb07a9cb546f6438eab863e6daf5d0aa7174f7
F_Normal/FN_331.jpg,F_Normal,test,454681,ee5090727ae507f973b1fa9e8f7a519acd9e5ffc2e82c4e19b381de7acb60f0a
F_Normal/FN_206.png,F_Normal,test,808645,ef1e230bf157a2a2489df0b4e17613c2ecce8886f071ec7f3e53d168d6651789
F_Normal/FN_2.jpg,F_Normal,test,492329,7432b183597ed8daeb4259c854536562f8af1fe59e9cc19aecd7d50ffd291afb
F_Normal/FN_141.jpg,F_Normal,test,97030,2946bbdd5e91b59ce435909ad3fc6b9fb9398a55d8165eb4a3eafd8f9e467ce5
F_Normal/FN_112.jpg,F_Normal,test,155489,5f6fb6abb4fa8bdd40276a5f36f1e49068a30a87ce40bd1b21229caf93cd058d
F_Normal/FN_113.jpg,F_Normal,test,260069,20489aa9f3ed33d313065121a3704a508ed4dc951a8feef85b376cb0be0e10dc
F_Normal/FN_294.png,F_Normal,test,1164761,0c4768ef91e81733ef38af6ae9dbb19c321463b62243a5e50a4fc245742d22c4
F_Normal/FN_371.jpg,F_Normal,test,377060,bd064ffe1a5ca4cc14ad571318c359d3147c42536c2b64e748da783ea948176d
F_Normal/FN_139.jpg,F_Normal,test,155503,9e93ccf5d2e895ffb4d4785fc78f84b29e211aa7129297bdd320591961942341
F_Normal/FN_350.jpg,F_Normal,test,422380,0774fc0d8b441e92ac69545e0beb1c67368c2c55893263308b7c5a4c6e03263a
F_Normal/FN_6.jpg,F_Normal,test,192948,5df27cc0a47774978aeaddfe41260979fd74b5dc70a4638be8b4e3a635b9ae08
F_Normal/FN_96.jpg,F_Normal,test,129039,ed500703ddf3d9757f4606d472d2a780f9351017d88db848ce6dfb19209253e2
F_Normal/FN_410.png,F_Normal,test,921484,eae339becd5d5c838e88390179505d63c50fdb15a3fec0550ff069c2d8907878
F_Normal/FN_146.png,F_Normal,test,1862341,cc3f4de1f47f5b2662141d77d10cc75550b77f181edf1f04362e25cd75d864e6
F_Normal/FN_439.png,F_Normal,test,973357,7f0ba906752a9ebefeea747b537f1a6ef885503e4ca9e248ecee06a2ca0136d2
F_Normal/FN_163.png,F_Normal,test,1254230,4f9b42a2d212a0f4af2b33c0895df521c39615a39fe10368117ee6a553b0e392
F_Normal/FN_201.png,F_Normal,test,825436,aaf8cb428e16d302ad1ac081ece3dcdb48f14fcd7fa376def0dc20654e1ba3df
F_Normal/FN_211.png,F_Normal,test,1314936,9357e5a7d9c26c64db0d03f0eab11cd53c94e49d46bb3e01c43233ebb584443a
F_Normal/FN_225.png,F_Normal,test,1139103,23e2b1aaa08f2a61324f4aa28f5aebddcedae853b471fd0fa4031cdf380f33f3
F_Normal/FN_440.png,F_Normal,test,1310479,80e51facf161b65dac60541d0867293e315dec5da8aa5812bedaffba836ead1a
F_Normal/FN_11.jpg,F_Normal,test,225832,74cc20ef843bddf267c6ba5e6d89647adace6cf989f4c4b91587e499bb7918d1
F_Normal/FN_150.png,F_Normal,test,1478564,2f96b220c3ebdb8496d6bc45657dafeb522f94d35b6b9914b5a6b4f1513ce4f0
F_Normal/FN_394.png,F_Normal,test,1117647,414f978b833dca7afb1933b4e4f907513c35779ef921cb086d66191a463f1244
F_Crushed/FC_323.jpg,F_Crushed,train,75154,983c223291d42fd9a0b257e226339ad28e32266530b3bdc37c420beff8c1a92c
F_Crushed/FC_184.jpg,F_Crushed,train,245432,21e6d8803471587b685413dad1131fec15860d1f0a3770956b5fc529a1ec13fa
F_Crushed/FC_241.jpg,F_Crushed,train,56049,4600f5b875a8cafcac8ee73521e886164dc34daab347f38912eeb3c227fd3b30
F_Crushed/FC_247.jpg,F_Crushed,train,373131,6dc39c04e781c3e737b81d5f4bb52e7abbfe559b8d868db38aee3e73dd490049
F_Crushed/FC_320.jpg,F_Crushed,train,299374,b6b31a73b77db5ad90e251bb8c0f2d40c41879aefbeacf8d8010355ce76c3eb9
F_Crushed/FC_304.jpg,F_Crushed,train,156430,d8f8873ef0f249c8b02de5b02073fe754cad7b2d64711e794eb6514a42fd9ebe
F_Crushed/FC_270.jpg,F_Crushed,train,149702,b09411a27e7e0a01d8d2fc9cbef36fe3a3b1c82a790a86002d4fd339a9257688
F_Crushed/FC_209.jpg,F_Crushed,train,111221,505c6cce2f8b51ce36e82fa87368cc3e67144f8466f8044402d9df056223ff5f
F_Crushed/FC_330.jpg,F_Crushed,train,199485,625daa89550700ae11a891b8f8a460857a0870b7f551763a835f9b2c3b467476
F_Crushed/FC_362.jpg,F_Crushed,train,126324,bd90dccc7b3095e1872af03ddba4256540603267272bb34047c45afc78bc69a6
F_Crushed/FC_272.jpg,F_Crushed,train,49902,48d6e7ba01e82f3b11a6a5a0bd795a8b2bff952ca33b5d5c5a3448af37f0a92c
F_Crushed/FC_374.jpg,F_Crushed,train,95537,3d9d0a177e85519e5c9093539289341d3ff6e834392155b91b4a7b4300380df2
F_Crushed/FC_133.jpg,F_Crushed,train,264569,17de66b7bb6ad4911701827ace0225b977ccacc7bc9803d032a0c2e27bdf93b0
F_Crushed/FC_43.jpg,F_Crushed,train,149249,76ed329a8a18d5438375f380c34fb56c6d78f79e94e13315489cc838803dfc70
F_Crushed/FC_51.jpg,F_Crushed,train,187784,03434e9d84ad34425120ecf14441c2182fc6d0621b94e713580d0c6c848c7674
F_Crushed/FC_67.jpg,F_Crushed,train,68783,614d6a586dc4fea8e170c71332d8b17e239bd5d57886fa8478168fce51b1bc7e
F_Crushed/FC_138.jpg,F_Crushed,train,172186,cc82943beeb4f4b0506f9e2abb4d62c40bde29da6bab9ce42a930322530eb673
F_Crushed/FC_295.jpg,F_Crushed,train,51435,446e26f5494a2abab63f3d022f07fb32071b3faddf0c6e8e00f819012f0fec45
F_Crushed/FC_189.jpg,F_Crushed,train,67447,ce2f5de54071763682f5457d3b8dabc1b9f5fabe71f9931e223276d957c9166e
F_Crushed/FC_147.jpg,F_Crushed,train,206679,402eaad010dc01db93569a29520588a5e5628a053fb16247a766d9174a777051
F_Crushed/FC_343.jpg,F_Crushed,train,102264,729619efb705a220ecb88b8f7b63864799c6fd26163c84471677ae2d0599c5a7
F_Crushed/FC_251.jpg,F_Crushed,train,86385,c66564ee7f64db51036c12efde1cdadbd23b00e6d26e3020d5f41b7387ac6870
F_Crushed/FC_325.jpg,F_Crushed,train,207978,36d56834dc054d576cac73c2d7b2f40cdcc34159e72fe5ecbb3667dcd7d85aac
F_Crushed/FC_169.jpg,F_Crushed,train,74846,12a5033eb304490c03ca95aac3ee16181915a6286e5dd35006fd8c0c5f67f018
F_Crushed/FC_107.jpg,F_Crushed,train,101073,eb1086963c3bb53972688f7a54d01cc11d4d9aa4905d31bbd7e93bfbe0f18cd5
F_Crushed/FC_160.jpg,F_Crushed,train,79238,ad6f104e3a3e739ad54c20a6d40755ae073f6488151c7bd1e92641bff7b8c9b3
F_Crushed/FC_278.jpg,F_Crushed,train,67119,c37f7ef46535a46bb4fd8c44f28dd5bf2fa248f54851c39481fd84895354551a
F_Crushed/FC_100.jpg,F_Crushed,train,182488,95ac2d2704bd2d722b0ace7869f27e8140c713791956f0a2d2443259cc39c09a
F_Crushed/FC_7.jpg,F_Crushed,train,136476,9406faaa41eab08a755eb95923bd3175f503c4161346cad79db84f95afd70979
F_Crushed/FC_74.jpg,F_Crushed,train,94197,805dd4a495a8e6e86db4aaa6649d8712bc063f6be001a09a565df5f81084aaae
F_Crushed/FC_332.jpg,F_Crushed,train,185226,90019b7f52634d5176fdf4f8ead8194fbe7eb9d70a6499163fa3c35cffb675ef
F_Crushed/FC_327.jpg,F_Crushed,train,51320,8e8b0933f63e40a357807794fec7a192172338c74b9948c624108c5b80de66fb
F_Crushed/FC_319.jpg,F_Crushed,train,125548,63700c132a27ed8a43f3248fa97801816ed6db6b7a89c678bc78e5780b80ea9e
F_Crushed/FC_288.jpg,F_Crushed,train,100143,ae53d387393dc48d7bf7c2eb353f3266f28a2c0dc3e4001fc19c4b2c115a799d
F_Crushed/FC_149.jpg,F_Crushed,train,183524,3353e448c749672ef6862745bf2f821cbadca2a735357b2ec9386296e9128d50
F_Crushed/FC_13.jpg,F_Crushed,train,204771,56d5020021b6950233c1d3d3663f50314bc79edb2adc2a8ab3f94fca3529fe55
F_Crushed/FC_58.jpg,F_Crushed,train,180035,2b25f73fb1d6d0e2246488d2005075627b9e01e24d4fac754830b64b90a43a56
F_Crushed/FC_351.jpg,F_Crushed,train,147592,151ca678e891ccb76955b0a17c971ba7e6700e92a296572b4a9d90945882aa69
F_Crushed/FC_152.jpg,F_Crushed,train,149629,940e26a1c039698300a68e550c9d9d37d4bcbee74e56c89fb3a390f79eb32e5a
F_Crushed/FC_318.jpg,F_Crushed,train,206907,3f6993b74ad0b60d724df7a16338bc5aaea371fa364973d5b5fc5368656d293e
F_Crushed/FC_87.jpg,F_Crushed,train,92465,2d1556296113953463ea46175203cd05520ce990349669323a519bfc72848cc6
F_Crushed/FC_36.jpg,F_Crushed,train,154595,d39a3257e12c76d60f84cc31d70af8abe5294d9c9ed81f52c70fb07555952055
F_Crushed/FC_306.jpg,F_Crushed,train,232952,01ff831e01f81a297f7fcb020ba565f3ca73a435a5937df4da1b196f575a2c04
F_Crushed/FC_81.jpg,F_Crushed,train,151415,8b3c757d4d6d2556af3656b4e161868867ebafc4ecc3b382ca7ef2ca49662c4b
F_Crushed/FC_125.jpg,F_Crushed,train,178381,950b1ae6142c50ac8c94445413674fa2ff36c0200fb54af4597d0c0ad6963458
F_Crushed/FC_398.jpg,F_Crushed,train,241101,d192fb50f4c57ffab044e7c05bf427a7e596c0117a2ecf7d8dfa5a9f0c2c099a
F_Crushed/FC_315.jpg,F_Crushed,train,226385,649ddaa5bf2f8de2e71a18e43d53a7cd9b2aec8680ca4545b4c8f74c0ceac093
F_Crushed/FC_187.jpg,F_Crushed,train,130628,fd7f7f61e10d9b65ef80e8f2dca61872719ab7d1a33282eb90c617e4f6072f41
F_Crushed/FC_39.jpg,F_Crushed,train,78568,fc018a55a5aecccdd6afac267d8bb7321e5fa15b58b443ebc04ccc5512ee560b
F_Crushed/FC_228.jpg,F_Crushed,train,156123,9d7204db6d15a59cd8a30cbf1f049d3d1a8bc2783064bddb28ae08d049a44c93
F_Crushed/FC_257.jpg,F_Crushed,train,102928,63cd4e328e51f9458682a6210cdada9f487ca2cf407da3a387a4d6b854e0e8db
F_Crushed/FC_159.jpg,F_Crushed,train,41329,151ca85b7ecee5a8ed2d39ac06b54c9a5e7482c4e33e4b2a8b03b134786bdcce
F_Crushed/FC_55.jpg,F_Crushed,train,133195,ba90ac0515320d0cba1bf3a8f628d85c7bb01d8f8c59687993bf016d95dab50d
F_Crushed/FC_14.jpg,F_Crushed,train,131731,3cc7349d5340a0ce4170cd721b18fac64488512218b27f04ad5f1c8d79a68e44
F_Crushed/FC_303.jpg,F_Crushed,train,173862,9ea5f5f5567398ab30ae1f4fbfabd1a97edc4c17030e46b0d96891be004ac230
F_Crushed/FC_229.jpg,F_Crushed,train,185998,ef047d9260ca58337fad59cfb37741faa011b13c90a592980a062e8ac73d1def
F_Crushed/FC_291.jpg,F_Crushed,train,117994,208d751e091c9fd8734a381163bb1c08516198a2d8d487d838ae1ef5adb94cf3
F_Crushed/FC_167.jpg,F_Crushed,train,273801,e2a2d03b2e43d87abb0fbd97b33fa25c3e47fc4c56528622b9bc936fef70e78c
F_Crushed/FC_76.jpg,F_Crushed,train,172430,233325da5c4762cb460d63d051096029459aef4d9e46b67d2f38b7b1693055e4
F_Crushed/FC_400.jpg,F_Crushed,train,104670,de4a9aafdd9b75a06d087cf1a86d51272ad57d4278c47ff95170210688ba5cba
F_Crushed/FC_179.jpg,F_Crushed,train,86446,90937f5c0bc82b2e97e692ead737e05a60bee0f20c71452339dcc20eb9b40e93
F_Crushed/FC_86.jpg,F_Crushed,train,103507,087f0205667395a6884bb07fae9a6fe19c9dd8fc7339e868fc5286dbb1282c02
F_Crushed/FC_122.jpg,F_Crushed,train,55062,a692b92c10f9e1f41d454adef03764a44b7e87fab481e59ced1bd5bed8516669
F_Crushed/FC_164.jpg,F_Crushed,train,151894,c525b92b60c3ce264125082273bb663d73e53c8201db842c874b12fc7519641c
F_Crushed/FC_261.jpg,F_Crushed,train,113455,4fbc0cb2e91b1dc83414a02147771c244be5cdc7382fa2ef6248ed6ec703773c
F_Crushed/FC_127.jpg,F_Crushed,train,219979,15cac588c23827b09c585f50a94fb1e20c893112262f4456eccab71973804e37
F_Crushed/FC_393.jpg,F_Crushed,train,104591,9555afdf24bf6a4b213b7a5a6a508a2c6d00f1ad3631332872d5945913e942b7
F_Crushed/FC_216.jpg,F_Crushed,train,112629,21831065a38c0c5c35a75d7d299c36675a88b633f3cececb35bb7cd554b3f17e
F_Crushed/FC_213.jpg,F_Crushed,train,84401,29bd4da43c3d19773b749cc2cc2c271d90e9c4cdd3817f533c9e2820f6a12034
F_Crushed/FC_21.jpg,F_Crushed,train,98331,bb43b42edb2e4abd54b42dea82e0200a40d5dbf499ecb4b034eeebe8c8d00e44
F_Crushed/FC_322.jpg,F_Crushed,train,54254,67c2177064049e0aaf82ef404c43462f3c01150e3f255490341e6a2a93762422
F_Crushed/FC_4.jpg,F_Crushed,train,121191,8f3ef5be0e406d9044240edb5b7b1cb73bace1f0dd1b199253b337bf0478497a
F_Crushed/FC_108.jpg,F_Crushed,train,115055,e27990abd08cbebf5c58abf645534ef4a3435a65d7fad5a02beb7c7f639fbb1b
F_Crushed/FC_158.jpg,F_Crushed,train,237786,c9cb7ad4f3b214855c4a20e7cf2e7b8efccd89ba5ae8b992cdb83d52497fbaeb
F_Crushed/FC_5.jpg,F_Crushed,train,110450,0fe31a76375f93de3b28edcdc2214f8ace85f0226baff1ecdf13aa55cc67de1e
F_Crushed/FC_53.jpg,F_Crushed,train,43041,d980391dd6e312191885f4fd576a69cb6f0f68a8cf7a2d7f35fed9c62a74587e
F_Crushed/FC_355.jpg,F_Crushed,train,102997,90cfeb446b9c0bc150dda472c91f1b7e6373463785210bcaa98df5489d67479b
F_Crushed/FC_157.jpg,F_Crushed,train,123506,03bd94ef4276647b7666ce5dabe6bed4b549c1c17624c90dd4170a3941d97096
F_Crushed/FC_245.jpg,F_Crushed,train,120021,5d050bc5e1417abf600455374460fa14c2c0efd4ecc749cffe1dde41eb5ccffe
F_Crushed/FC_176.jpg,F_Crushed,train,63690,a293cba9a4a2063923855278dc6caf464a546a945e01b6288ea6553d868fad8e
F_Crushed/FC_238.jpg,F_Crushed,train,103465,c3d1f5f075465eef071d8e775f87e16a14660fabc920f2752a61faafa7f9b3bc
F_Crushed/FC_207.jpg,F_Crushed,train,150265,72040a558d7d89204c04887597a2b2e842cd6f2e5dced2d9992b256c87f670f4
F_Crushed/FC_397.jpg,F_Crushed,train,100273,b3b8af166fae0940849c23e85b65f08ef201380a540f763a4c64532e391c0754
F_Crushed/FC_301.jpg,F_Crushed,train,90067,87ab70cd1ec666ed323d8f9f1f493f12c147350071e848aff0218553a10bd12f
F_Crushed/FC_298.jpg,F_Crushed,train,128258,9db02b094717a9afbbb831632d0cdf12db5f2728edfe3dbef8ac6ea11a0601e5
F_Crushed/FC_166.jpg,F_Crushed,train,164801,92d095b1575c7c64e70a22fc0354b49237e58e6a3ef3fd0463d465795f2d7b29
F_Crushed/FC_195.jpg,F_Crushed,train,102639,0b5176077104642dff48f38830e2db52b0dca45dbced7c80efebc576bdcdbb88
F_Crushed/FC_282.jpg,F_Crushed,train,56863,2c1cf6db1b3e27cd9ba2cade3d183a27bd9064a45d8cfa611c0b59673a0f28eb
F_Crushed/FC_132.jpg,F_Crushed,train,58105,9de5f8cde92f35774ffab7f99c286f0168107977c38749b567e8eceadacbf364
F_Crushed/FC_29.jpg,F_Crushed,train,190378,5e16d2d6a9b90d7c2ca73f2c2a044f2d168d94e8b33d161cc6be71fb6ce05476
F_Crushed/FC_340.jpg,F_Crushed,train,209234,8bc8aa360844a7cf107cfb0ce81d7585513dff92ec5f880f5460c5ec79d7e38f
F_Crushed/FC_307.jpg,F_Crushed,train,144289,de0cf8b8e3637b28554dbfd7a3f160e903ccd253ba0d75e68d10553be4724bbc
F_Crushed/FC_41.jpg,F_Crushed,train,120566,b63f1909c3d6bf96e10eee00de71cf41713a845668824a265342df14986f9cce
F_Crushed/FC_25.jpg,F_Crushed,train,126743,f610ed4bde69e3a3c01b44332e6c9047cb8f6cce1fc9828c3be136b38a67d977
F_Crushed/FC_248.jpg,F_Crushed,train,189590,bf356b9ae4816cc021bc5d931ba9dbccdd1b7c44cce8f2eff7851d12bdf0c286
F_Crushed/FC_183.jpg,F_Crushed,train,130802,e4875151bad14bfd3b4ecf9856eb907bd00d7c268efac1aaac83b04a9d38290b
F_Crushed/FC_18.jpg,F_Crushed,train,196042,9267f1fc1ba2aac7ab81c5cd6de0d331c03ae0678059e921d85b5c44f06411fb
F_Crushed/FC_6.jpg,F_Crushed,train,210504,20f5d7707732f4757793773c725ca0238fb4f0743c6da0836b13f782da43df1d
F_Crushed/FC_386.jpg,F_Crushed,train,42340,7ea4997051fe8472bff197eea5c0eb55fc5a2bdfb5dc28b457eaa4dc35b4aa06
F_Crushed/FC_252.jpg,F_Crushed,train,91821,7eb0c84cb48bfa529d0fa0d665166c60a92610ee27b8c4338405d877d5079a68
F_Crushed/FC_19.jpg,F_Crushed,train,173633,10ed8f3594a0a9ec45923621993a8f9652049068574827314fd1441a99c3d334
F_Crushed/FC_242.jpg,F_Crushed,train,150449,82916b74498d844bb1a465a7802c17dd7f0a27e94bba3b0842424f9410af94ff
F_Crushed/FC_75.jpg,F_Crushed,train,159937,6767354cb552c76331f84585cdf401a6b55fc62a4133d2b625fc30d5d79e3912
F_Crushed/FC_363.jpg,F_Crushed,train,61856,8dfc23476dd798094a94a59033bf3c3bf7865cf47ac0dac5371545dce73b5fc2
F_Crushed/FC_302.jpg,F_Crushed,train,226484,f4708e62311c431a8a5543eae8572b914c9eeef728cfd8885f91c09efcc1bc6b
F_Crushed/FC_269.jpg,F_Crushed,train,210011,0894a0b835d172fc7ad3a515a71a040cb9e626c5ff0a0e5600b43d2da890c8c2
F_Crushed/FC_105.jpg,F_Crushed,train,149058,228a22cfe6d4d9deb8639f3b1cba37d41bcad31440a3da2881756e77c32bd163
F_Crushed/FC_316.jpg,F_Crushed,train,180406,1ee2135ef4c07a9b224bab820bff4a9d014d57f222cbd98463a5fe8937055375
F_Crushed/FC_224.jpg,F_Crushed,train,223374,b79926390092009bba065cf1aa2ef5829db9ba3b82825b2e694bbe2731ba388a
F_Crushed/FC_299.jpg,F_Crushed,train,240641,3940455c14547654939f9dd083766d78a5a41085a44aa1544c997c96b9f63ee0
F_Crushed/FC_364.jpg,F_Crushed,train,143767,9eb72a3034b3e159f630a8936c2dd070794cc9125c540030228bb814fee50997
F_Crushed/FC_59.jpg,F_Crushed,train,215870,1b91bc6693498055fe0cc2d3b3022a9c70970b703599b7ca069c930d53246bc2
F_Crushed/FC_296.jpg,F_Crushed,train,39218,56b976947147f73c17b6c0e836a51237405f592195b6508eb36132302ee931a2
F_Crushed/FC_354.jpg,F_Crushed,train,226537,8f68027ebc6c970018a80abb509d87b50aa43b68a45f560bf230137fe56a5ef3
F_Crushed/FC_219.jpg,F_Crushed,train,251757,954594be5608e1efde795377b35c2c8ff5ac43dbcfd99583c35db57582b3b01e
F_Crushed/FC_186.jpg,F_Crushed,train,123461,f1da0ce3295247c5c9bb26fab262f21b7f56dd0cf3c87056d96e403edb515205
F_Crushed/FC_109.jpg,F_Crushed,train,267156,a26e6484f8c98e3b7be80a2ced19094c24dbe664c92432eba29df5820838b966
F_Crushed/FC_337.jpg,F_Crushed,train,84352,cbf389b9e84fef39b8a7d53a657b96b3490a7677f67722b3c66208415873a225
F_Crushed/FC_388.jpg,F_Crushed,train,109079,87703ee41685d062b2125b0fa3cbdd3b641bca036bcbc370d8cd89319bd5b6a3
F_Crushed/FC_161.jpg,F_Crushed,train,57402,37194f7e487ed69b75a9b2bdbde9d08498f7bd5f6d00141c7b1610b01d00ef06
F_Crushed/FC_381.jpg,F_Crushed,train,149627,3a2611d9fad1db794b469537851311282cdcd6d0f5274a7a29717ecce33b075a
F_Crushed/FC_104.jpg,F_Crushed,train,170991,70cd3e87a0ec455f6a86e7e76d0f6c7760bf846b5c21550b16ba37c163b7dfcf
F_Crushed/FC_97.jpg,F_Crushed,train,67663,56efa597f7a75fcfb10f97e6559a5deef024f582d01420c15a3829e0089dbfc0
F_Crushed/FC_352.jpg,F_Crushed,train,117751,879f514129e2d052e3057cb15ea0229990999a07dab7d5d4b46fe21b10ae3177
F_Crushed/FC_198.jpg,F_Crushed,train,62204,c382b85a8a0160245f589135e8c628b58f7d81cd18167f816ca87e52ed28c937
F_Crushed/FC_233.jpg,F_Crushed,train,152691,c5ad6c272cb3892afcbf36a13a3edec7e4b954cde44286b46e3504ff5c6c6ace
F_Crushed/FC_26.jpg,F_Crushed,train,133787,32fe0153a9ed16a18a65d9a02d071f28ce74e8f0830b5ccf75f38a8fd51282e9
F_Crushed/FC_200.jpg,F_Crushed,train,99095,ff542440a285d3e1c22333e7bcfda85d672bc1a4b4b4d0fac954d9569d1596a4
F_Crushed/FC_116.jpg,F_Crushed,train,100289,d87848d31598939df313ec81c6b9795896fddb1bbd1bdc81a28e8788fdfab9eb
F_Crushed/FC_324.jpg,F_Crushed,train,106693,85f9940e60da1b1fe562c8683948391387958c524ddec4fe80001939cddb068d
F_Crushed/FC_205.jpg,F_Crushed,train,139071,a545937dc2f7d9342b0fe2a26d2cfa4b089b3ce9f63203a75f16393a501bf636
F_Crushed/FC_321.jpg,F_Crushed,train,182851,602e12f8959de40422ece75a5270084983b1524727971cab002ef2f4a1052e70
F_Crushed/FC_35.jpg,F_Crushed,train,104800,269be66bce3045dfb3b7165a620a71a323f6e8af081620700eb3f26b9ae55941
F_Crushed/FC_240.jpg,F_Crushed,train,125379,26a279467c41bb5f7a1b5cf713b596d94350608ec327bfd7d59fd195c4124007
F_Crushed/FC_40.jpg,F_Crushed,train,306528,5b06b264260e0fd8c919a168197a7fe63c2f99090282f7924f69bb732200ec53
F_Crushed/FC_93.jpg,F_Crushed,train,226516,859fe205242458f11b4a0b19fe39e548c23101141a9fa9d1d6cc2030dbf15741
F_Crushed/FC_236.jpg,F_Crushed,train,128464,af3374af92beba0b69def71ea5a175169dfdd138fcd3ec75af4cc91bea23af8e
F_Crushed/FC_56.jpg,F_Crushed,train,153248,4e793e6afaafd255441fa087cef017706de6828ddcb94847639070ccff2353bf
F_Crushed/FC_265.jpg,F_Crushed,train,102913,aaae2237e1eae36429a55d8ec6768323528ce717602a57d4751846b89be32185
F_Crushed/FC_72.jpg,F_Crushed,train,121004,bc5f9e0f0352508ac5ea969c563a6453eb2196ee425c733e010c8ead2511a626
F_Crushed/FC_44.jpg,F_Crushed,train,78325,4db59f8fc4f643120b41281dbdaf879ff20b2438a7abea96de391e304ea955ba
F_Crushed/FC_192.jpg,F_Crushed,train,110362,395e08991948a3337ccd685229d74cc1e76fe1e3d6882a9029febc623a9659f8
F_Crushed/FC_271.jpg,F_Crushed,train,136790,c5c4427ffc5e15e0b805d568d7ed57fb916971c403a9acb0bfb8f6f21a88f9dd
F_Crushed/FC_121.jpg,F_Crushed,train,209143,3c9d3500143211f0e70c9c34dd121f7aaa45810a2167112bc46c4fec7f23bfcf
F_Crushed/FC_78.jpg,F_Crushed,train,178787,ac49623e0441e46ffd981352e97ffdf5972126462f63bcb0e7c74c2413299288
F_Crushed/FC_396.jpg,F_Crushed,train,125947,b785ddb78c4f830996bab7f3c59f460491c3abc4ca7590ba7f8552208dccba2b
F_Crushed/FC_194.jpg,F_Crushed,train,70631,7a7db757ec9591711000f335cc43a87c068cfa05b67e7fa77a6766fc0c3f9c43
F_Crushed/FC_280.jpg,F_Crushed,train,97493,04d1d7b19d9bd35f08f043ad6c02ed208b133bdd14562a690814993801886e97
F_Crushed/FC_180.jpg,F_Crushed,train,132741,b2b9992ef8d8cc81c2689c8ea23f5b3a344d3200e4b18950916855197cec93b4
F_Crushed/FC_65.jpg,F_Crushed,train,129970,1b2a4482da6d5da5223bb8d36594ec989e97f04897571577ac2a305af48e273e
F_Crushed/FC_235.jpg,F_Crushed,train,247618,7741df2bd39fdddafbf6a595e9bef7537c5f58fd3d52f3f690efb03a369dc28f
F_Crushed/FC_349.jpg,F_Crushed,train,203393,fc7bae025ebf7052cd513471da48702751c40fd81c0dff7200bc34e896ccb21a
F_Crushed/FC_142.jpg,F_Crushed,train,107689,376656db3a839ed70408270e6860d97d7ba188abe52a9e146d1670c1aa53879e
F_Crushed/FC_193.jpg,F_Crushed,train,41746,59d993affc0a7a9746618c5d38ad47800eb049f765b951e00cfa7f90a45463a6
F_Crushed/FC_24.jpg,F_Crushed,train,143641,ca762f0b88ffcf6e944022787505249bc7d8f47f398351d6e2f5a3c9187c8a17
F_Crushed/FC_155.jpg,F_Crushed,train,176739,a4db1b9c02fdd1d70aba146e06eb13d87c6b69582c822638a1e74e9db69f60de
F_Crushed/FC_286.jpg,F_Crushed,train,41157,e6b9463f55582a292b39d271e9e1274335c10d07f7cf103c9d13347fbc56fa6e
F_Crushed/FC_231.jpg,F_Crushed,train,164982,c0d7d3e553ed0b60bc03d96f57ece906b1d3d96ad590982c5aa8ddce718af236
F_Crushed/FC_230.jpg,F_Crushed,train,110732,3b41a68bd468278eb5ee0ab1f81f7bde95e9de1770ff6cacfcc5f22d0080c771
F_Crushed/FC_37.jpg,F_Crushed,train,182571,b3d6900fd82bc4a2ca5862cb28d9e1a418969210e36d97199c92ce778df5860c
F_Crushed/FC_313.jpg,F_Crushed,train,116317,5c250fa8c49838103d87d93b3111b088a218b358537a0e0bd2e8b455efdf6c08
F_Crushed/FC_28.jpg,F_Crushed,train,157872,8caa8bb77bc0c097698bad79f229cc855200fb34d8c42f928b82d942c08d31de
F_Crushed/FC_383.jpg,F_Crushed,train,224636,a2a1000821b181cb62811059b9131e3c0bccfd574e720e5e13f7fcca913301dc
F_Crushed/FC_368.jpg,F_Crushed,train,167428,4294910073ee9428fb9195d969ad379cc4b5f8c81bf682ee38bd5b058da847e8
F_Crushed/FC_153.jpg,F_Crushed,train,87291,c8e79c7c6a97efda0f7033cee82873ab2325273264db440b9187707b04ac2a3e
F_Crushed/FC_217.jpg,F_Crushed,train,52548,80b2ff643fb83c0e74ce1703c52f136f88a866bfc171ca3dcef5f3a0a76b2e5a
F_Crushed/FC_255.jpg,F_Crushed,train,79708,e57d635fc4f6c33c7eccb3a8b41b2bfb6fba00af3cda93decee11a28026cfb4f
F_Crushed/FC_175.jpg,F_Crushed,train,45107,3a6b8c7a34552de9514b5fe8cd9158c360e8fcedcb35f739c04ec35e59eb9a43
F_Crushed/FC_106.jpg,F_Crushed,train,130448,78785dfe2010b39f687c746b11850a2d1815ec942ea345a2d6f84c0306778061
F_Crushed/FC_71.jpg,F_Crushed,train,104352,bf77fed6dab10afc2a91ca71f783557588a7a19f6483c647dfd8c1c2f9019697
F_Crushed/FC_259.jpg,F_Crushed,train,79140,143df14d2e3159e76dea3df4b5667056ee781299b8b9e5c026dbe1c90dbb83cc
F_Crushed/FC_83.jpg,F_Crushed,train,189812,e3bd05112289a360e305c7e3f91d4c4b67ac9e3da604eb415c168ba5fe4c520a
F_Crushed/FC_367.jpg,F_Crushed,train,86435,e7df7d3ede9ab24974a22764883b6c91adfd4e87a6f820fc9f083ddc54c16fe9
F_Crushed/FC_115.jpg,F_Crushed,train,93611,8646eba83f1395b82a411a3262b32d728abe6e25a80260a1b07e81c7cc4d0a6d
F_Crushed/FC_8.jpg,F_Crushed,train,235390,600b395e9dca1957abfab6a83d8661f55d7c3f68e21c537156f73b35250af5bb
F_Crushed/FC_348.jpg,F_Crushed,train,126104,8a2b91650575891a81a8141e748f7c228f70eb57d42ad6af6929ac98692835e0
F_Crushed/FC_260.jpg,F_Crushed,train,245539,78bab1e2dbef60687309fc9b9ba0e59b748dbbf2be008a25a370ffbddff103e2
F_Crushed/FC_339.jpg,F_Crushed,train,84597,9cca2a624adc64e365fdf5f7a729567c17d928a0ad1753154494ad7959984aeb
F_Crushed/FC_226.jpg,F_Crushed,train,164277,abb06e0183d526281d9117d7a7c0e4810dd1cb2a211282bc364b9302570a7d32
F_Crushed/FC_335.jpg,F_Crushed,train,128600,0699b70de68a82ec737559a387bd891b2d16fa592cdfe1475ead6ca980107a3c
F_Crushed/FC_34.jpg,F_Crushed,train,104432,cf59df96a8112093550e68bd44e59730d499609e5d81bfeb9332193e88dab473
F_Crushed/FC_177.jpg,F_Crushed,train,115114,c8d9544715044ac6e05081024606740b737c69989569e1622f5f9246dfd7338e
F_Crushed/FC_373.jpg,F_Crushed,train,146169,79f75c6f784bdacee6c2f0809677cf3f81fa5284cbd7d42f1b6f2b5b093fb827
F_Crushed/FC_336.jpg,F_Crushed,train,133946,e914937fb7b55bf844488e985658e0d276a49818140bf1c99f6107ad25c79a1d
F_Crushed/FC_49.jpg,F_Crushed,train,148290,9b907ec9f5afec3785a68d6a47bb5661e156b180e48e406ca6772b94d9c309b2
F_Crushed/FC_126.jpg,F_Crushed,train,129132,fe911be3fd84d4d81223fd893abe1fd4544b9588844c11456838e57242e687fe
F_Crushed/FC_202.jpg,F_Crushed,train,102654,b4031738d6d53932e37a8f42156ede5ce0841b49d954f2b2139c5aab387fa9cf
F_Crushed/FC_218.jpg,F_Crushed,train,201371,9a4ab639b0928f590f82833c95124e1a7b0ddbbb7be9da6190fa3bd2d78be78b
F_Crushed/FC_46.jpg,F_Crushed,train,114640,b4cac190b5b5ea812d8563894a352fd239a46e6a0641f205a68f566fb604ac2a
F_Crushed/FC_317.jpg,F_Crushed,train,55453,9aeac048985cd5fd79986583a340e23f4b6d0c6b43a4c25db4438ba50454ce8e
F_Crushed/FC_376.jpg,F_Crushed,train,120548,c1b141341566c7fdd824881daf277c2843938beb4433ee293e0ad98a5b4c3974
F_Crushed/FC_253.jpg,F_Crushed,train,239291,a499dda62f8b7bf7d4e9efb821902a3c97ea07bdc61e48c6790b638d2a0435a2
F_Crushed/FC_191.jpg,F_Crushed,train,171682,5498d5ea9e9ca08be1f60789ede0e5fe21aec0f68ea704c3bc93f7df8e793b7c
F_Crushed/FC_61.jpg,F_Crushed,train,152708,51914ab90e024a517b8cc475ed8479a8af336887b73ce804d862bfb5a5dcf898
F_Crushed/FC_263.jpg,F_Crushed,train,232846,f9b3d09dfa3e28208b2ba7c426d3be2bedfee6bc38b249d71a8ed8844c8250c3
F_Crushed/FC_395.jpg,F_Crushed,train,78955,8fe8fffcf33f7fc157edbaaa4763fdceb0497575490d9899b5d38b5ebc9d17fa
F_Crushed/FC_54.jpg,F_Crushed,train,225920,7801547980471b80dbe03a4f4620e5155c58cf569fe2386ed289c56cae78e616
F_Crushed/FC_391.jpg,F_Crushed,train,145231,2ea79f2a138644a29ad652ef41969d9d1ff848cdb05c85590528a7fdbe9eeaa9
F_Crushed/FC_48.jpg,F_Crushed,train,44819,77b99fd044f85b89f962beff21fe31e4f6778fef0c862c2041a8852ef58ad8b5
F_Crushed/FC_341.jpg,F_Crushed,train,168674,61e725aba7afbcde1d6f4bc2f9fd6e7bd71fc24ac7b4c2a562672ef232753db7
F_Crushed/FC_148.jpg,F_Crushed,train,195097,f2ab55ae18a7d8b6dc543229f82a28f43520af60177fad70eec37bfa51a16e95
F_Crushed/FC_366.jpg,F_Crushed,train,150313,bfb4d136dbe502b59c2e3cfc46aa50da55240c766f6b65f491d1224eb75cbe54
F_Crushed/FC_32.jpg,F_Crushed,train,117019,c06e36b4f00bb0556e57fc22dd04334606e18ce0ae77c037d6c280e70e2a2d90
F_Crushed/FC_312.jpg,F_Crushed,train,132443,f7301b6dc3509a712d3c578089a5e31e3a8faa032d027dad9feae02be8e7f360
F_Crushed/FC_16.jpg,F_Crushed,train,170475,3c394b9f2116f7399fa32375440ab41afd9c09fc6abd7b2f02a552686b14ac96
F_Crushed/FC_137.jpg,F_Crushed,train,184493,e8e21f191cacd7768dbaed32727d545a41ebb7607ac5fefeb8ec77942889a1f4
F_Crushed/FC_95.jpg,F_Crushed,train,119227,9a3c813484756216c8657aca0408bc8ffa1d5f05ca46a58badd7206f4169b000
F_Crushed/FC_208.jpg,F_Crushed,train,187317,a18f12755f18d1de4a4e28d1cfc769e13f0ffd33f9fa1ff578d8f82e5123f8b0
F_Crushed/FC_250.jpg,F_Crushed,train,149049,b465debfc44651180fbba634bfbb3bea06ca1b30169a93dd9f5b527dfbe2c9ea
F_Crushed/FC_289.jpg,F_Crushed,train,125103,9ede1a550bdf29aa56916f1212d554b5daceef72866b7c092910ab1f9ab1ade3
F_Crushed/FC_344.jpg,F_Crushed,train,85604,94874f1fdccece437a6778d55efe07f17412739280e25478ee0c1587c2ebbc1c
F_Crushed/FC_276.jpg,F_Crushed,train,119628,ed3e752175ed49d3f138bc0538f71027b246350e97bd559a7545c350cf96fb83
F_Crushed/FC_338.jpg,F_Crushed,train,123376,fe4f189141c8a2b5f25a6bc2d3be886c1aa18779dbe86362212e6f71470129af
F_Crushed/FC_385.jpg,F_Crushed,train,118564,d903b08536550ba2fea767bf0c52050064a6081d8d11a33f1da4d6625e68698f
F_Crushed/FC_114.jpg,F_Crushed,train,104313,9f391c4e5a8b5d5074dcc7a38566a6da022e9e2199a418c7e7b4533e80519e68
F_Crushed/FC_287.jpg,F_Crushed,train,65515,8a28a94c7f28e82be1114a1b515773e6fa48ffb844d3b99c6c7ac55a37b55b46
F_Crushed/FC_210.jpg,F_Crushed,train,208873,19cd6aec9c88fca8a51c9230cedbb9677d300db339ab36b3eaebe74ccf7ea436
F_Crushed/FC_268.jpg,F_Crushed,train,103175,cebc1b57afb54f578b760ed599d65584b403f410d46bff9a2373778bc9bfb74a
F_Crushed/FC_118.jpg,F_Crushed,train,216119,38b811bb05243da0ad7c49d3785cdcfef8cec12275a4e569e4f769db1c41ce2f
F_Crushed/FC_117.jpg,F_Crushed,train,206516,2bc88a0f1b09d5de93c4319aaabf4ec48ef8ae6d4eeeab89b33a602828d35dec
F_Crushed/FC_23.jpg,F_Crushed,train,141170,a95280d70269e76a232624add020f80255ff259678df4e513ce4a42a1a3c5e56
F_Crushed/FC_30.jpg,F_Crushed,train,98708,3a2ce9340c8746386df303fa9aeaa65669d80775b00e3eb578842bd21d1712e0
F_Crushed/FC_111.jpg,F_Crushed,train,116973,5c4b6767f3667a41fe05594d89d2c30df33c39bd09b8cb7102973e1d9d53926f
F_Crushed/FC_154.jpg,F_Crushed,train,174220,48b34865326bea0ff53f51c78a71f5a2a14eed6a11bdf2af890b9b13186a7731
F_Crushed/FC_359.jpg,F_Crushed,train,144689,efdfe8fd3b726f6dc4cf099506c9d683ed9bfdc3f90133b1b1dcc68d286f907e
F_Crushed/FC_285.jpg,F_Crushed,train,227458,8512ac878a954313e2287e93f426fe4cb0f98162d6e520cb3ec3b820b3b6b839
F_Crushed/FC_290.jpg,F_Crushed,train,257030,1522424704ba07480070dd436f6d3946247b8de3bbcdeb921ad09347038a2496
F_Crushed/FC_300.jpg,F_Crushed,train,141675,333f659eca1d715ddae65a8b1750b0997559c378303174abb1591abd4426b21f
F_Crushed/FC_182.jpg,F_Crushed,train,125611,4165ef8d2579ced9807cdec62ec32fd9d6c04650d02fe03d6b036a4db8393fa0
F_Crushed/FC_375.jpg,F_Crushed,train,162844,6570a7eb18e529b167f0aebdbfd7f3dad9ee9a6c091f3d2c59f7b57c2320ad14
F_Crushed/FC_102.jpg,F_Crushed,train,127775,a0075fc23a812e9e9f0286b54385701ca7f09de0b56e6fd5b43c6e71aa0e0784
F_Crushed/FC_382.jpg,F_Crushed,train,217928,eac39e0651ffc4e2882d93c45bc79662fc005b451ae4d5c0cc29ba2e4bd03dbf
F_Crushed/FC_173.jpg,F_Crushed,train,71952,b364f180d5d22b5856d4d36d5197392325ae213312620574e527752b6803c894
F_Crushed/FC_237.jpg,F_Crushed,train,163448,618f4131d36c894151ab39a6f974c38f797e38e3ca7105667eda30f96c8a4930
F_Crushed/FC_1.jpg,F_Crushed,train,109861,5081e37912ee656f93c9ce5d69660a345b4d10c76dc9ff74162fe5658fd559d9
F_Crushed/FC_9.jpg,F_Crushed,train,141387,2d9e7dd78cea298e7bfb3ca4a34c11ef79b9a2d288bd980af98d0e23c9770ed1
F_Crushed/FC_361.jpg,F_Crushed,train,108186,d1f32607d4470145d7b31c94a26d1428e1ccf08331689808aaac81476d4216c6
F_Crushed/FC_380.jpg,F_Crushed,train,165925,6c40bab95dfd329801836b9e044b7f4949dfaf8c2318e5071e8d70dda7838a1c
F_Crushed/FC_279.jpg,F_Crushed,train,34593,4e2dd40aec388a1ba938a0e2888a5f8702eca46bb8e5abd8e32c4b9713d72335
F_Crushed/FC_379.jpg,F_Crushed,train,99923,35e171b2768486a17f80a60a847943030f0433e2f533e26a2d6b63a055996317
F_Crushed/FC_136.jpg,F_Crushed,train,61440,db6144ffa75dc4c6f8da3b72036bca9387328bd3acfbe796e6a1dbbea9acdd33
F_Crushed/FC_342.jpg,F_Crushed,train,98491,ac76aa0891e4e95a9400ca01c6608cee47cfdffd08fdff075e751ec5af6860f5
F_Crushed/FC_185.jpg,F_Crushed,train,60745,b580fabce80e691922b668d1bdd291e05e466fa423f0929d3fd20a3c2a047e39
F_Crushed/FC_134.jpg,F_Crushed,train,99632,b6650bc5dc81e79cc11f0adfcccd522a36680d6b146fba25eb96d863b0f38c89
F_Crushed/FC_144.jpg,F_Crushed,train,106794,c6236975307590a1566ba5cdcd1b1dd794d2533d39acf9e3849318bdbb8cc711
F_Crushed/FC_239.jpg,F_Crushed,train,75315,c09b54f84d1b7e5234bb47db7f29aaef04c6b4e2f61ff4cb6e81414b08232bbd
F_Crushed/FC_328.jpg,F_Crushed,train,170762,55820e4f9085c4b04343f9c9725bf344ce82bb3567f3bdb9cb9208c461295fa7
F_Crushed/FC_246.jpg,F_Crushed,train,99687,cd2cd3edb7846df8624486b7ef3d1fac535c64d532d6132d987a6059a105930e
F_Crushed/FC_293.jpg,F_Crushed,train,68103,339c88bc24fbfc32f15c17ff48b73aa5c4841ea196d2ed79a0e595046827ec2d
F_Crushed/FC_168.jpg,F_Crushed,train,223631,916b507c3b8290531cf28ba5ea0eb67edb6cd838707f05ea7c653f5c03448a6c
F_Crushed/FC_243.jpg,F_Crushed,train,86906,5d186dda87253a93d5b78da656832043ae5d5af5109aca81a154bfd80cc37a49
F_Crushed/FC_334.jpg,F_Crushed,train,79390,8fbdeb2c07e22b600821e0e1842fc4aa92ac4511d34fa41b28ddc6f1108a7c3c
F_Crushed/FC_123.jpg,F_Crushed,train,168807,9ea4c14bae1f3757a2aff2691628c3a2d2741bc34b73f3056e5064b2e1c2ae10
F_Crushed/FC_309.jpg,F_Crushed,train,189539,6c24cb419cf162c0e3bcab3410f35dd033fce13cd10f50042b74144e5eab58d8
F_Crushed/FC_215.jpg,F_Crushed,train,98303,ac2f5585e27f61b217cbfd7c89b8e372d802d09ff398ba48ff10d44e0d0e5f48
F_Crushed/FC_181.jpg,F_Crushed,train,199459,32991805e4219c3c61f21a94ff31965a471433f5d226e6593f8e5cbc33a1b826
F_Crushed/FC_33.jpg,F_Crushed,train,118266,d93d20baad345e46e96245773b22c32bc1fba55d47991e472b75e4a91ee2e7af
F_Crushed/FC_357.jpg,F_Crushed,train,55804,d74c27fd37076b8eda134b1d767c2a50a3c795afdb71f3830e1b4c72f34e607c
F_Crushed/FC_10.jpg,F_Crushed,train,110099,e27e5c7bce504f2dc1e8a76677a9f0160ab2550409fb6ca85bc6b8d4926ff77f
F_Crushed/FC_392.jpg,F_Crushed,train,110254,e795d1c882da34f27d511b9656c9eecbbb55421b3493e1eb7f540f4037ede5e6
F_Crushed/FC_171.jpg,F_Crushed,train,107190,7da840f78b702562b314a0164aaa19e05e285c98b7d51f02ad398c60bc1604e6
F_Crushed/FC_3.jpg,F_Crushed,train,59257,5b28c02b371483690832364776065064717e5827b3f21575bf2bd2cdf18a2443
F_Crushed/FC_45.jpg,F_Crushed,train,233193,5d6997ae4ffc40545be053e6109668701f102c03d6b12119b09ca40ea12d2efc
F_Crushed/FC_98.jpg,F_Crushed,train,128256,058766f874bc08f7da5f50339d1685dcd50e86c706a994f4262ebd473b5ba7d5
F_Crushed/FC_63.jpg,F_Crushed,train,129996,e9a688ff0f8670894c71ad41ab2dfd89ae3708e99690e7214f21b22fdaef0107
F_Crushed/FC_387.jpg,F_Crushed,train,52707,85be7a974e284af4da748d1ba0a00e28e9893e3a1a19706d60222327eb91166e
F_Crushed/FC_151.jpg,F_Crushed,train,115066,57699c05cf2e18e58078bfc05733fd36aea738a22e32ba6eb68a16baea38c5e9
F_Crushed/FC_103.jpg,F_Crushed,train,56570,6b9409f00b1b1adb470e7e7daf6b2fe73e6dd2f8b46bc680760584fc761083f4
F_Crushed/FC_214.jpg,F_Crushed,train,43092,1ddfb09f01dcc066902c055af4be676ee9a9ce255ffc564bee6449a2699456dd
F_Crushed/FC_314.jpg,F_Crushed,train,117624,d8fc73cb165e9e25b671f069893b3907ca62918f6b078e4ecc1f50be7860dc76
F_Crushed/FC_275.jpg,F_Crushed,train,71406,36d998204167e721cdb5599e6db414a15d1521e2376f3ea122338bb7ca7fc38c
F_Crushed/FC_277.jpg,F_Crushed,train,103414,07798ca2e544b8ffdfce4786f1e53dea578ae5de31f017184c20f3413eca4331
F_Crushed/FC_128.jpg,F_Crushed,train,127648,d313eb5ebe42e8a0cdbd8e94651db0a194405995e19ac93609663accadac0034
F_Crushed/FC_64.jpg,F_Crushed,train,61781,13e4002e3f0572855ff5a8ed7376fe150018f40c51d003579e93a583a0344158
F_Crushed/FC_66.jpg,F_Crushed,train,59085,5dda348b9c25a0d684eb904c1d33347ea5fdf841c0d27a1d8c582c79c7134bdc
F_Crushed/FC_17.jpg,F_Crushed,train,129595,03ba01462a613001f6baad5834493c3f90f083d01d19c16eb35dc06792cbb7c6
F_Crushed/FC_15.jpg,F_Crushed,train,49253,ba5b605f14366c518254d81b414f3de29f09126f8fd16e0d5dbd5d9c2737218b
F_Crushed/FC_120.jpg,F_Crushed,train,74190,766cbf243c77f159a0682a807ca402d1f109a2e5ac2af0a634344af56d009ae3
F_Crushed/FC_140.jpg,F_Crushed,train,127144,e05270960a0c4469bfc513644b956612fe52e21243600514ce5f2bb80c4e0639
F_Crushed/FC_326.jpg,F_Crushed,train,48206,68676abf46b653354509315b050397ab3b450fefc96083a36509944103990cf4
F_Crushed/FC_333.jpg,F_Crushed,val,216780,ed2614513b5a4b019819f64e838482b31c39bb1d838797eb12d6ec8a70612ddd
F_Crushed/FC_162.jpg,F_Crushed,val,72997,c8194e81b10ef1e0a5efb6d3afc2ee9e13f5542eac64a0a6819c5324b9a2cb45
F_Crushed/FC_91.jpg,F_Crushed,val,103681,6409b84e34f1a04c0b8159d9ef3e1c2c246594f098ed2c356a03a4c689fba064
F_Crushed/FC_42.jpg,F_Crushed,val,42187,86323ca91914b522abcdf559042640812212f0c36297713b54e6a725d86d21d1
F_Crushed/FC_283.jpg,F_Crushed,val,47910,29bad1afdc8365661c9d79fa675bd69283617e444817b40c8e7766f9be088003
F_Crushed/FC_297.jpg,F_Crushed,val,184321,39deaf2f3e1ce59cc4e058d9039a9c42ae50d6cb5090c9743dfea255629530ef
F_Crushed/FC_22.jpg,F_Crushed,val,132395,5482e2e5a0d9bbcd6a7134ee93f329a774a3d92f17c0c44d210225f46c31c8f6
F_Crushed/FC_347.jpg,F_Crushed,val,193953,8e1201af57fa5d247b25eae7dcd75c24e66b52aa68cd3fdb9631882f89482ef8
F_Crushed/FC_77.jpg,F_Crushed,val,125006,94713d4423da4f8ddea4ae962671ce8e98cc6652df8b45a135f9b76e832ddd1f
F_Crushed/FC_212.jpg,F_Crushed,val,76896,f386ed1d13890f2344d7591a39d77153a97c5671339796d809c0a58997b55ad7
F_Crushed/FC_92.jpg,F_Crushed,val,96576,4dd3c64e0a8b23379b87b44a1d905ab76bf7ff21292d06309867b268f501656d
F_Crushed/FC_52.jpg,F_Crushed,val,102439,3b42e161c737b2bd6674083620dfb36f454000ec016c299ca4ab7cc050f03b36
F_Crushed/FC_165.jpg,F_Crushed,val,106127,6a658324480cc2eced876960fc0a0f0752aafdcbaecbc8969dbd752df4757ee0
F_Crushed/FC_31.jpg,F_Crushed,val,122248,0f8e314ab3b6b35dc32fefc7a96c036b11567528f333284f93c9ac979ba9fb73
F_Crushed/FC_281.jpg,F_Crushed,val,132512,90d197942f2c797f506e553f1433fc31431e5d54d6209edd64c81f5632824293
F_Crushed/FC_329.jpg,F_Crushed,val,234270,5964decc64c1bfac614b80de31c6f21a616360181c92518c556b309b3aea27dc
F_Crushed/FC_369.jpg,F_Crushed,val,263743,ed872626d1bc21fe81eb4aa6dff62983dee7d5d4dd222672d2a4fe698796d939
F_Crushed/FC_372.jpg,F_Crushed,val,223963,207a6df5b4bcd812ce12db6cf6d21843b81f955985c53b71243e1a3a0da91ad8
F_Crushed/FC_360.jpg,F_Crushed,val,47273,b35f1859b8e2f991c521ca125e622a35799218973e35887850581b240099910d
F_Crushed/FC_197.jpg,F_Crushed,val,238391,353d830b6509626f2fc0f9b2286182f0fd869045f36504fb7175e4b7d595336f
F_Crushed/FC_129.jpg,F_Crushed,val,207146,66a6198faec00ce226f9d1dbc8134700c554dadaed0c68658a0b00ecab455d4b
F_Crushed/FC_222.jpg,F_Crushed,val,199338,d30ad98f2aaee0211b5aa8a013b35c47c155e4fecace3ccc6d65a18f1d06ec31
F_Crushed/FC_284.jpg,F_Crushed,val,53698,227a6d64f4b0271f00aae95546c7984f67c8d10443543853678a745b7d21c622
F_Crushed/FC_244.jpg,F_Crushed,val,71562,034c71145028e3021d28b7a0bf1fb602e7a735d784fb071526497eec46e2f923
F_Crushed/FC_84.jpg,F_Crushed,val,119452,20aa68aec31d4c1dbd8346249208c8246b006779a0fbeea095363d2f8def1681
F_Crushed/FC_204.jpg,F_Crushed,val,136506,8d3e7c3621c0291e70f01f9025dc8c1505aeb88f36a0a032d0353d7eb6d47b9a
F_Crushed/FC_124.jpg,F_Crushed,val,192982,1e366ea607fa7a9a73ff5c03158a5a1dff3a690d7e22388395754a451fe6e6e6
F_Crushed/FC_249.jpg,F_Crushed,val,116199,4bdcdeab66a8020bd08682dd8126391a4dea5a545ff7f4be6adcb9891660a43c
F_Crushed/FC_70.jpg,F_Crushed,val,134985,bfb3613d2ee208dab1f135ecd694103724187afc0c7c247dd5a0741c2672fc8b
F_Crushed/FC_356.jpg,F_Crushed,val,107812,e1b8befd6f84ab71cdb5d54fbef931acb31bce54688bde963130bc7a8429dba5
F_Crushed/FC_223.jpg,F_Crushed,val,130706,735d7ca628ac373ed6ce36ef9cb3178f63f94a98ead44907688db74d9208e936
F_Crushed/FC_99.jpg,F_Crushed,val,122822,2dfe8aa411c65ff565e808fb7e3a5f0b2c3ebd39a7751130f055f75a02e758d0
F_Crushed/FC_311.jpg,F_Crushed,val,109695,384ffe25aa7df91bbcc387689020565966dd8320a837d2cd5d595c3f4fc31194
F_Crushed/FC_390.jpg,F_Crushed,val,106880,1fc02a9c14c8156bbb208710cb58ed6f545bb28aa9c37a885200424f6518e82a
F_Crushed/FC_94.jpg,F_Crushed,val,202374,6a6283939a85ee9ca948da8e39c3057bedd3aa6ef526032c98d0595096960a70
F_Crushed/FC_345.jpg,F_Crushed,val,179953,12da66abd5a693dae7644e637e5e3c2e7e050105174c2da7e01580d8252f0322
F_Crushed/FC_178.jpg,F_Crushed,val,85877,b65af3ed0af57baa7a1c92849c4effff36dc79fe567ad1b7faac6d1ddbaad1e2
F_Crushed/FC_38.jpg,F_Crushed,val,136382,cf72ec513dc0a75920628a6101dd3ef475992bb796b2c398d2c0bb8b0c2ac43d
F_Crushed/FC_131.jpg,F_Crushed,val,144869,574978fb38aea63b389a579ec30c3ee4255df13797f8ac3835ede9f1554cd007
F_Crushed/FC_221.jpg,F_Crushed,val,205467,9f61086401a1360c84a46cac8560753d829921c95de9591b04a2a2fa9b5b7a27
F_Crushed/FC_196.jpg,F_Crushed,test,57511,f6d460fe8cdcb3f5bbafeea3339bb1f0eab0b7e1cae7c4a7e80025d0fa858dd1
F_Crushed/FC_262.jpg,F_Crushed,test,57809,e7b4367ce53b6401570185c2a7d0af6b7f8a4c2da492b99a899b6584dceef8bd
F_Crushed/FC_27.jpg,F_Crushed,test,119399,d3b3bfb847ddc69b9c05a737055739b9f6190866608fa82b35519cf5ad450aab
F_Crushed/FC_174.jpg,F_Crushed,test,99380,1294a0fe338d192ab25cd2ace3587ad9ac43cb70a244b8da4835d778121b0d86
F_Crushed/FC_267.jpg,F_Crushed,test,111037,63b231e2cb2bd1fb78f922236cd000e2d890b735fd4fe232df2b1f60742d988d
F_Crushed/FC_308.jpg,F_Crushed,test,166481,80c727bf2b546cf3c31cf91642cf71d28067aab140f05101b3d607e1cdf2afa6
F_Crushed/FC_73.jpg,F_Crushed,test,125419,6db7b1977a13328099582e56b3b6bfa15879c0a5493c44d084daa23daa5b9690
F_Crushed/FC_57.jpg,F_Crushed,test,57117,fba8f674f7fc3ea93feb7cdefb4d5616d0d896aae7b851eeb0457aca596ce05e
F_Crushed/FC_145.jpg,F_Crushed,test,127924,312ce2cea501cdcb67c9d1144db4fdf65ec332a3c16d69b21bd8d3e1f0bffc94
F_Crushed/FC_89.jpg,F_Crushed,test,76623,f370f24a5267a3b6926a6a12c373597e455fba5b4ba1ae3be9def81087ee2231
F_Crushed/FC_47.jpg,F_Crushed,test,92717,c8ad06aab05758dd84bad044daa8b5c174400eb577e22f772d34b9bc16d73269
F_Crushed/FC_232.jpg,F_Crushed,test,187096,8ff9df90b341ffb5dc56554a6af8d3a465b73bcf584787cbd490ef50862ccba4
F_Crushed/FC_203.jpg,F_Crushed,test,123773,788038ae2bf8ec7a0c60a08928f8b607f47e4502f575c5626379050f12713925
F_Crushed/FC_12.jpg,F_Crushed,test,183820,acf6eec7365059183118295e15a7ee7e8ff8e008ce80a91cf63b271856222936
F_Crushed/FC_130.jpg,F_Crushed,test,107471,acaf13c1370c0583cfac8fe4cc7c7892fe598b5fd7e8efb3af707c08d99388ce
F_Crushed/FC_188.jpg,F_Crushed,test,91895,3fa41e8c367ee43028e267cfc0749bc19ccffc70949551d018c892b12cf18a6b
F_Crushed/FC_365.jpg,F_Crushed,test,67255,d7799b093e1894ef6723c4eceaaadcaa472f4b61c6116ea9db53471536e9e866
F_Crushed/FC_266.jpg,F_Crushed,test,53685,c5193711b58cedae643cfa8741c0fd5439de3776483f866fa997d41da618c789
F_Crushed/FC_384.jpg,F_Crushed,test,134456,1e4b20570dcd7b8ea4a601ee981aad8873612976447e9064c6b3a90747f5b45a
F_Crushed/FC_389.jpg,F_Crushed,test,74430,64818e57257a7f1282fe82f7aed32a4f9e9086143ddc96fa1fc93d1e8da9e5e1
F_Crushed/FC_234.jpg,F_Crushed,test,153501,c559cc59d00b2d2438a1ec91dff4d0e2a0f0a364db169afe1007b830e796e307
F_Crushed/FC_353.jpg,F_Crushed,test,105416,84052e537e758437f5a9516f940c65f3da6ced90d4f495eb85958b5a7f59b2f4
F_Crushed/FC_135.jpg,F_Crushed,test,139127,2dfd32b7584fbb8c517cbd0d358db396c06449c2cf4703d8c4921c540e4471ea
F_Crushed/FC_273.jpg,F_Crushed,test,118812,1771d1722a90059ad5b6db87df38f07f2621daaa9bba59ca026e456b6ce9f91f
F_Crushed/FC_156.jpg,F_Crushed,test,176274,9ababc88e20dc895c291be1ed2249cc728b0db5b28df9fe7ed354ca43bbfd2bc
F_Crushed/FC_346.jpg,F_Crushed,test,120112,659ba89e4f5765d45f37920d7f94dd47f12fd55cedf33f5a63eb799d200bd049
F_Crushed/FC_310.jpg,F_Crushed,test,137829,8196a66f3f39568f36c165f56d0b4e06fa35a427cb2a98a0bab7c6eb43be07f0
F_Crushed/FC_119.jpg,F_Crushed,test,91870,bd44a4537e1873d948fcc149e0d8c99ee33a08f4fe7ad0525612353502ec2777
F_Crushed/FC_220.jpg,F_Crushed,test,61409,a6f862492eee8b4cc62a897003a70f80a2384e49809666afc253807daf2b0909
F_Crushed/FC_378.jpg,F_Crushed,test,96705,3b7d44f509c9285a7761768f8ef8964199a7950c3e355f5d137bc163bacbd87e
F_Crushed/FC_258.jpg,F_Crushed,test,98178,547e1e8e47c23317cfb583eee84f1cebd55854ddd2ed1019b09f0fde6efb457f
F_Crushed/FC_264.jpg,F_Crushed,test,104592,b6c399ff6c96463d51d88c8f2a0264b575674fa1b3778f61779a8e2852f0414c
F_Crushed/FC_143.jpg,F_Crushed,test,93801,9c6c01339f3a8a5df06424c18066437ef13b396dd9a668b5773d9928ae46f335
F_Crushed/FC_274.jpg,F_Crushed,test,238266,4050eacd0ce46f3bb50f74a89f0aa7814426f2353c95b6a993e82e5b8e36d05e
F_Crushed/FC_82.jpg,F_Crushed,test,51317,de27eaecafac93399419107ac73dad4a995eed812673f9515564f49487a5fb0f
F_Crushed/FC_90.jpg,F_Crushed,test,71754,0f268896c15dd5fb13b9e795a533e9c2416c5454f69097a3be8c675b45dc9084
F_Crushed/FC_254.jpg,F_Crushed,test,145826,557615deff5bb089a8b957525dae5cdc2389d0f0e005ca09925018be30cba9a0
F_Crushed/FC_199.jpg,F_Crushed,test,57445,dfade54c9eb1053c84095bb6fdec29a1aaf1630ed6be0130dcd5d9cb7051737e
F_Crushed/FC_170.jpg,F_Crushed,test,254695,e08c0dc7e28e2ddb8587bd805cd7efd93ad8a737a9da34305dcfefc1a760a535
F_Crushed/FC_68.jpg,F_Crushed,test,40578,b9dfad80abe1e7ef847d0ed455fe591afbaad06ad242f0b612576e8205c98729
F_Crushed/FC_256.jpg,F_Crushed,test,73702,266fb99b99716b9fea87f12cdbb52e0347b56453f413efcfc2e7bfbed1ea1b76
F_Crushed/FC_85.jpg,F_Crushed,test,52941,e65e7d98c317c0105ecaad75cd26d80ca7769fad1c0d92f5e8bdad83e66f463a
F_Crushed/FC_60.jpg,F_Crushed,test,163124,73500dda9271d60aedc611855a051904442a1c25870e45a6eadd0a5b1ee304b3
F_Crushed/FC_172.jpg,F_Crushed,test,105650,8933592af532e869c9001514e79362415d15b48432390e7890d955c5c0a16229
F_Crushed/FC_101.jpg,F_Crushed,test,59969,737775f75de7ad4d3e503d62eba1e8b9605e99fd18ab42d76f6a41c2f4966bd0
F_Crushed/FC_227.jpg,F_Crushed,test,66814,907792077bb2cb03bd501a51753252e5823c48c3a4c8848943183f3d5bf680bc
F_Crushed/FC_370.jpg,F_Crushed,test,188926,8bb63b5a438016cb55d78f9eece469e65d36cce61d838941419bb874549e0be5
F_Crushed/FC_305.jpg,F_Crushed,test,112445,c8f289edbadd412fd5ce561c13e94b87d923379b8deeb79498515375d5917bfa
F_Crushed/FC_20.jpg,F_Crushed,test,113216,c241680fd8fb0ffa684021c600d9c6e57ec1c146831bf887aff952f312da6d1f
F_Crushed/FC_292.jpg,F_Crushed,test,91177,7a4f326f0940cab8a7ea6d2ccd9fe8279c6e17aa04f05ca3ac3a6ec046aa3737
F_Crushed/FC_88.jpg,F_Crushed,test,158294,185f9446e9beeae6bb6036d61b287456921ee59a979b715e742e70e7a6724d8a
F_Crushed/FC_62.jpg,F_Crushed,test,138466,9da7cf436195ed9143cb96544a460911b72893e185520d1862db1cb2631aa134
F_Crushed/FC_399.jpg,F_Crushed,test,135339,e3ffce59b01d02ed584e1e54bc29492b42a36d8333d13e49f1a4e63f8c0fe367
F_Crushed/FC_69.jpg,F_Crushed,test,40056,d18b8cad52247b3ceafe343b70ab7375305623559002d6fb09f70ef32520a587
F_Crushed/FC_190.jpg,F_Crushed,test,221494,26b2a3e64fb9f8e5a287b6a9b271ab8f9efbbdc20a40c766639c6e8209c1d2de
F_Crushed/FC_358.jpg,F_Crushed,test,159343,f8744e17c19b70b3d02d20bf1aab6e99b38af20e013bf8169a69c9c37f6e87ef
F_Crushed/FC_110.jpg,F_Crushed,test,233382,4afe8d4d8008027afd3e5c6b091f80bdfe1913306484b059e90fb539bf6eab75
F_Crushed/FC_377.jpg,F_Crushed,test,86513,951830adc9abc5856788760add9f2259c7b3903e484918bfed3e2ccb1b967bb4
F_Crushed/FC_331.jpg,F_Crushed,test,194460,3c55e3744cee849fb9c3eb415e086f5a456732a4324538a0f8896f8e2f812bc5
F_Crushed/FC_206.jpg,F_Crushed,test,157349,6dddfdfea9776c92c9fbc9fd4be58e365ae935c3fa12c7b8876473b73e0bd21f
F_Crushed/FC_2.jpg,F_Crushed,test,172917,6e0a434f1f9ddae292ab2124cf3e6320785269ba9080528824e533d60be73833
F_Crushed/FC_141.jpg,F_Crushed,test,77986,340d44fff8cf83c2c255fd08039da6d57954c0cc3a6d0237cd65fd904eff7bff
F_Crushed/FC_112.jpg,F_Crushed,test,217022,e9af3579f01ce695c7d761658243b411fea387cadf6935ca9f1cd0858e66305f
F_Crushed/FC_113.jpg,F_Crushed,test,85759,9f667e9252c53c06d26d6fcfbaae29de04032f9c10eed93ea3163e4d9d354e82
F_Crushed/FC_294.jpg,F_Crushed,test,159362,ab8e4160f11efb4f0dab78b42b9a4ec7cea868fe20e123884ba2c4e2a3f85b01
F_Crushed/FC_371.jpg,F_Crushed,test,125985,a397861bded68032f2bdb7609d40909a59485bd5ea82925cec711df57d863ef3
F_Crushed/FC_139.jpg,F_Crushed,test,206529,0331fa0befb364d353f1423937f3d5488a3470a3a6fe124c2887e605e8ee1b43
F_Crushed/FC_350.jpg,F_Crushed,test,138456,288be3e32d03a7d027f991eb6b91762553cd82b830e0c934ef7c10573be3dde9
F_Crushed/FC_96.jpg,F_Crushed,test,150180,8613c917f587bcb6c48c7c0d79f6ff2f77290cf9c2e0bccc684b88cd91495d4a
F_Crushed/FC_50.jpg,F_Crushed,test,63131,a1c35b9916ba205c59e6ba50781bab8204acc4b59ac06725db161c1c79119a9e
F_Crushed/FC_146.jpg,F_Crushed,test,69989,ad3e3d5564be5e93772212fde3240358a56a3c29c6c6b84bf8226bf6605f0953
F_Crushed/FC_79.jpg,F_Crushed,test,385690,5198f39d8ea060849623a61473d2db5aa13005f7690448213d47f1816869d122
F_Crushed/FC_163.jpg,F_Crushed,test,48492,08015b34af22296998102ec2a9c3fa49a2a23e4bcbe7d2f115fc8851bef2c32a
F_Crushed/FC_201.jpg,F_Crushed,test,71472,b0a6be2a94ac1a99c8e503c722bf11046dc8ddfa7beccb0d02535867493b9615
F_Crushed/FC_211.jpg,F_Crushed,test,230694,7ebd635a7cc0df1a834e726e411f41f64f1fdf839d3c96223078234700bcc6ef
F_Crushed/FC_225.jpg,F_Crushed,test,138486,89ebbe5523082320188eb0fa933f3c62c94bce8d49b14904eea1d49cfbca129e
F_Crushed/FC_80.jpg,F_Crushed,test,343808,b389f3d599c68dc737f1eb77be229e18848cb1260d98f8d07473e1842031f842
F_Crushed/FC_11.jpg,F_Crushed,test,114079,e57b6df8f6bcc18d4a59afca4d59bf7a698fba41be5f83c5cd02f3cb6c9504b4
F_Crushed/FC_150.jpg,F_Crushed,test,153712,b8b892996c2ace6fe0cb524167adb8573d355015600544b17a0f07cdac298f86
F_Crushed/FC_394.jpg,F_Crushed,test,36747,f0e42d69ca33723309628f2c586063d94ffac73fd22f53c729966ef568a2b516
F_Breakage/FB_247.jpg,F_Breakage,train,185644,8a603f8b21f1afe0d33bab6ee36fb980ed201a08eb65077ee837e29c5c3aac42
F_Breakage/FB_444.jpg,F_Breakage,train,211931,8dbda695baf58bd7d6357c7fe6afc2795da1ee21bc20d477dd04fd3ffaa82560
F_Breakage/FB_14.jpg,F_Breakage,train,185740,5535db6c9a8427c8547694dee218533ccd83852a950b80fc687eed3c2a230d12
F_Breakage/FB_24.jpg,F_Breakage,train,153018,9cfb35bd695a4a7d2a28f828d82b93819ed8080d3fbe0c42fdd2724802ba5e2e
F_Breakage/FB_147.jpg,F_Breakage,train,99976,25425d96d485769d221c7502304e2f72aa637c4124ef649625e98f2607e4555a
F_Breakage/FB_164.jpg,F_Breakage,train,145418,09dfceea143e9dd719f5facc49c944ef7b8af1bfa5a21bcfb5f4fdd303ce8a6d
F_Breakage/FB_383.jpg,F_Breakage,train,192989,48f5fa17f27403a4e04ee7694d793fe91834004e10889f434e8074b98629961b
F_Breakage/FB_288.jpg,F_Breakage,train,330647,be96c9a4cfc31c17ed88d8cbd71095ab3df2b63f7fab952c792944d8dfb7b86a
F_Breakage/FB_166.jpg,F_Breakage,train,148552,fa1d93f6d6faab80feea8c5fc3fa0305f8ff5943e5d9f9caf073279187e09960
F_Breakage/FB_4.jpg,F_Breakage,train,91918,996f54d35a168d9fcfc51e92b1bc4f6d3f4956d9a6e38a5fa3a20cf6d7e940d6
F_Breakage/FB_462.jpg,F_Breakage,train,133294,5f0a6fb3856fd796c96da615518ce2db028fdf5fcf1e67249f050ee5a084b64b
F_Breakage/FB_473.jpg,F_Breakage,train,460647,f57322502fd56fa2deaafc32186cf8f19a5a38b4e8bb56ab7be5043c772120cd
F_Breakage/FB_182.jpg,F_Breakage,train,127493,9cb9eecd67310f1afb1ee995c5647b8b18023e7b0377b900d32415a4d4d91b90
F_Breakage/FB_293.jpg,F_Breakage,train,120186,7c9c4f0e7402577e5efa77765b9667ffa26dde1ffe0bdc376dadd60816cc9e33
F_Breakage/FB_80.jpg,F_Breakage,train,200158,4a90044565c1db913d54188e6455418114f2392d618eeba8264d213a1e317a57
F_Breakage/FB_152.jpg,F_Breakage,train,170745,faaf52e8dcc154ad3a54d0a60d1b2d7306423f6be8b6ef17a3e7acf64e460b1c
F_Breakage/FB_430.jpg,F_Breakage,train,196124,9e544458a4263d21ec70468efd5001b6e1dc08ea4ed3e2ddd6c979d2f5c506b6
F_Breakage/FB_246.jpg,F_Breakage,train,145355,40144a1b4934b0a410b44570f5b553b97c6feb617f5c2c50a8a16e79e9a98e6a
F_Breakage/FB_289.jpg,F_Breakage,train,123430,b8a271f7d0486588f2a552dfad7fe24a3cc7983e45d033ebc4fa918fbb6a37da
F_Breakage/FB_325.jpg,F_Breakage,train,114241,49cc5cd98f5ca36391e18068e6b32c5c08dd302445bc89cddbea95246eba7521
F_Breakage/FB_499.jpg,F_Breakage,train,137327,30c9c95c2ccac6f069ccfd20c8b47b81d178817799daeeeefebf47959614f1c2
F_Breakage/FB_388.jpg,F_Breakage,train,115181,af55013383409950a8b5b21e41b900f09c50f67a52d1bba48347dd7f8c288f50
F_Breakage/FB_36.jpg,F_Breakage,train,143201,c7859e1a637ba42cc7325a02e4d13ecd141558c2643d06119edb304a6966fe13
F_Breakage/FB_45.jpg,F_Breakage,train,110661,b6a1f547f4ea2ad2380e544e82fab722168372da93abedd7ae3a291620996bc3
F_Breakage/FB_105.jpg,F_Breakage,train,147010,b2ecad9a90f475a14460cd91e272553ced13e8fe6c12e9283d7f7adad3442339
F_Breakage/FB_65.jpg,F_Breakage,train,182586,e5a92213c6b696854c669d976ed62958552a96c6d80c4ed4bc138a1777e7bda2
F_Breakage/FB_323.jpg,F_Breakage,train,102485,5c648e42f53d394183f84bbec46359464a510c2bb54fcf25f04d1385904a58ab
F_Breakage/FB_304.jpg,F_Breakage,train,62066,82a29a907fd39cbf86a891dfc5b48de0772773fe76745eb301ec89d90cdacd15
F_Breakage/FB_32.jpg,F_Breakage,train,140379,d868108061dd9d508580c92fb8ff3b40a5273980e5e47d143dea4bc9576c6e40
F_Breakage/FB_29.jpg,F_Breakage,train,466613,4902bd455df57e4a5028bb142de2624f4d4029ed195f051250c0d2703ddc5a95
F_Breakage/FB_215.jpg,F_Breakage,train,263516,aa6948eca82610274fb3f0f49562f8d6625858a6bbf15f93c9650105a21fd132
F_Breakage/FB_245.jpg,F_Breakage,train,78520,6a064e17acb9ddcaab28f951fc36f6d406b2b2d31f67eb5c494e6adca3957e4e
F_Breakage/FB_30.jpg,F_Breakage,train,65678,a76a6f993cf5051f5358ac76b6caedf96f1ce77e7cc7e613c7ea92f7f30dd124
F_Breakage/FB_136.jpg,F_Breakage,train,99946,adf3c598c429812cb32bf317c63d5c44669335fd35396461cc9ed651f0981e16
F_Breakage/FB_35.jpg,F_Breakage,train,195326,0ef599a53e601d39ffc6b35cfcfc98f55f981d7c9220b34e0fda7fe6905b25df
F_Breakage/FB_118.jpg,F_Breakage,train,151472,999649a6937554ebb091b42735e9c856042d2377c0b3baebe5f0a663b9a01da0
F_Breakage/FB_490.jpg,F_Breakage,train,249457,1436ebb672e47eca523fb9740bcbdf07a5cb745c3aca356b4f281e2b497a6da2
F_Breakage/FB_160.jpg,F_Breakage,train,126207,dbf85e820f157e65db0711727026b91a177f5548fd11c5e653097b0f9f53bcc5
F_Breakage/FB_303.jpg,F_Breakage,train,181037,36d6320927d783e7633c52a2a3145ed6a1f5a8706cb2e2fe0393323c6a254bf8
F_Breakage/FB_235.jpg,F_Breakage,train,219201,ecb0f6376fda87e1be9f367855e0fe06039145c14579fa3e39dbe725e3e38a61
F_Breakage/FB_431.jpg,F_Breakage,train,67246,237ac921035eff63a0ba0ac8853f5b75777f50b80d89608bb46caaf2629dd3cd
F_Breakage/FB_295.jpg,F_Breakage,train,105392,ff44fe38e2258ac76f8d61d0aba4d72559e345b9600b7970919a3ef87d6095c8
F_Breakage/FB_238.jpg,F_Breakage,train,71452,fcaaf80e7287be8038a0165595582b63e4068c6c8a9978af8942030b8e95477d
F_Breakage/FB_259.jpg,F_Breakage,train,117612,0fa70c9da809acb2205161fe61d993e526fd9a928af4c020a27af25626e242e3
F_Breakage/FB_457.jpg,F_Breakage,train,148411,559e1a4126391da965fe10a59f6e35f9f2c4df34dd6b264a93166a6c3801f96f
F_Breakage/FB_224.jpg,F_Breakage,train,63523,085b597ce843bd4d60905e2a48c835d0e91d8b99ca0cf3a1c0d894fd5b672da3
F_Breakage/FB_226.jpg,F_Breakage,train,207457,3dd091020c085de40106f7fe46d2772e80904140d17d90dc40ab60afaaf382d6
F_Breakage/FB_393.jpg,F_Breakage,train,144996,88d0805798cfea9b93f8f6b67bd471ce577c2ba9cbdc178d89bfb1d72bb8e2ec
F_Breakage/FB_257.jpg,F_Breakage,train,184754,0a5e858ec073660791b9e789c1bcaeb14be734d5083935ef418e07ab1bb74866
F_Breakage/FB_252.jpg,F_Breakage,train,178248,4bef497c5c9cccda87abeb57ba11e6988ac185b90d530a717601d282a20073fe
F_Breakage/FB_179.jpg,F_Breakage,train,95542,e9adf236308dafb779518ad84d1c14a702f969cfef85f67858e24d7698749b00
F_Breakage/FB_186.jpg,F_Breakage,train,102471,5b1f6b6c188e51ba4690755a40527c7e5533776037e4ee23a6a1ab1400c05100
F_Breakage/FB_495.jpg,F_Breakage,train,179409,0f338f46b83b0519fc56d7241cc20da98534d5366d6d6aa441314f65674a8858
F_Breakage/FB_372.jpg,F_Breakage,train,122592,993d4092297f84d01743b83a1b0b35a36bb282dbbe6cdcbe6897bed28a9ce682
F_Breakage/FB_144.jpg,F_Breakage,train,263795,2883488ea50f88b1af04ff2444db3db05c8d04ec35053a175564e07e2126d63d
F_Breakage/FB_279.jpg,F_Breakage,train,204795,5e73b0644a5a5aee3ab676cee56de84c8bf337cbc293ea569d53ae1912cd5aad
F_Breakage/FB_367.jpg,F_Breakage,train,247476,ca08a0f1048872358da0117d5b4cd162280aa430a79ec0354e5a114c069b4a4d
F_Breakage/FB_217.jpg,F_Breakage,train,79208,3c4ddf5203c7bba848da0721268d555311fd2e6934c2de0d6229ba63443a71d1
F_Breakage/FB_207.jpg,F_Breakage,train,98906,cd48b5a65cd281a09210b2442c050922005c5b3a008a820bfd2216cdfa82e07a
F_Breakage/FB_421.jpg,F_Breakage,train,168999,2efa3e0c746c8da66ea07798767567bd363c61e30117c03ee30c75d51973b470
F_Breakage/FB_261.jpg,F_Breakage,train,230708,442df528d60a8efcdaa14c7b5e2ee7d5964c1119ad05220f828742f01b74b0a5
F_Breakage/FB_432.jpg,F_Breakage,train,133692,2e22bd14d4729d9f0d9e06deb213e67af618bd8c7ba8cbfd9fd382c333d9660f
F_Breakage/FB_132.jpg,F_Breakage,train,103575,df9424c1cadf82e0eb04a66d84f1cdce2fdc93445b2246eb1b199fa88d327159
F_Breakage/FB_243.jpg,F_Breakage,train,100329,57786114bf7c283e08e402010a3cae00501c0afb7334bcc53da59ab658a2697a
F_Breakage/FB_102.jpg,F_Breakage,train,157657,e273178242e7df9f333875e814f1f7cc8cdf497e9b478f1b70e6eb207fb75361
F_Breakage/FB_183.jpg,F_Breakage,train,175655,ca6c0750ad628265e3c7909fef4623c762a10af70e8519e281f62fb69542cbdb
F_Breakage/FB_373.jpg,F_Breakage,train,132434,eda756b31a3cbae5b3a82895dfae30a623309e62440298919ac1b00e9d013d22
F_Breakage/FB_269.jpg,F_Breakage,train,126306,402cc9d0c23282a172d1fe3468acfd77edcb00eeecedd0344e2683c7983ad9c1
F_Breakage/FB_436.jpg,F_Breakage,train,128741,b5185ad77547544d70c42be002c4586cf6ee41ac0c140c4d9d278d064bdbe16c
F_Breakage/FB_57.jpg,F_Breakage,train,98819,6d7b6cf8f89e072572def9f1d0e0d6600710415acb36ee9224b156d01ae9e3cc
F_Breakage/FB_184.jpg,F_Breakage,train,107187,a48e33bb5aea667ce01df51d30fab122bb7e58d436f7b4fbbb2a305c613a8289
F_Breakage/FB_70.jpg,F_Breakage,train,199620,ea7fe595854efeb0e0f2a0d18413fcabf722cd19b3e1a687c4fe9d699634f521
F_Breakage/FB_362.jpg,F_Breakage,train,207962,f353c4dd4e6ab0c0e10bffcdd9577063df8915870919d9fa72da216b703b72f5
F_Breakage/FB_405.jpg,F_Breakage,train,163117,cf0c74949acb0a99e75bb304c08cac90950a56a8337671d3764e5be7b854803f
F_Breakage/FB_466.jpg,F_Breakage,train,105289,86a25772669fe68ae295ea0df2ae76c19ef30499063bb041009626b681929bf3
F_Breakage/FB_467.jpg,F_Breakage,train,202457,517093fd36a560c9b7308d7726ef10091983dbeb9ee125b304dce3de7d986336
F_Breakage/FB_268.jpg,F_Breakage,train,203251,2d3829a4832ad0a8b6adaa7abcc959e133eb4728d8fdaeb2ec0ac1a3fbcd3bff
F_Breakage/FB_40.jpg,F_Breakage,train,146704,e973284cec0ba2c8cd297a2202f3e0b5f1966085ea8c970734c6133b0c0864e3
F_Breakage/FB_291.jpg,F_Breakage,train,244686,2d2b6664082c8c9f1ee53bcbbe0298249abd182f41af97ba6ab7aedc7339b754
F_Breakage/FB_213.jpg,F_Breakage,train,260476,b81ea8ab19c841412824c3be16bf8691e68a2d35630b80e7f15f5b7bab64b39f
F_Breakage/FB_109.jpg,F_Breakage,train,238869,62547730388fcedda83e0937f64ddcd74bde735d43cce96d61343a1dd0d4ccd6
F_Breakage/FB_104.jpg,F_Breakage,train,63909,eabb28390343519c81708ee3c6d362656d8af57eb7dea0ab3655630c4a5d447e
F_Breakage/FB_498.jpg,F_Breakage,train,227253,915d957405d47b8894ab812c562b99a4e0b36de09241de0b38e537373f75dcb8
F_Breakage/FB_320.jpg,F_Breakage,train,205636,0db5d17f9c7ecd555f892b0eb5c21ef13a563ab071ca4a8872041b9a16109eeb
F_Breakage/FB_456.jpg,F_Breakage,train,142163,a4eb9f7fdcfbb38c38b44680c7810c8163866687d1ed43db73c2f0f1a1eb4a2e
F_Breakage/FB_482.jpg,F_Breakage,train,91373,5dde6712ac684fffc4b97b6e25b4580a3df11e40a404700ae3cfd011686a86d0
F_Breakage/FB_41.jpg,F_Breakage,train,132091,3fb215a1da09785a4bac1e7d07eee27943ce4ef00750d1c40a6cb641cb32e294
F_Breakage/FB_18.jpg,F_Breakage,train,101126,0b9162737c6a75d33c4abdcc4cdb46a5de01e6af32789fb2316a5f6ac547a060
F_Breakage/FB_483.jpg,F_Breakage,train,300953,f3bd3ef153d015c40740d5beee345513d6be1eebc7319d6226c84e96f31598cb
F_Breakage/FB_122.jpg,F_Breakage,train,102973,fae9420f2acf4b72563a72731c83e0fc0fb25689f767f96aeeae1f016669e3c0
F_Breakage/FB_169.jpg,F_Breakage,train,193165,bc438063069dc9e5711784d48fdc8ac703f458b4d3575fcc8c24cc53f771c0a2
F_Breakage/FB_265.jpg,F_Breakage,train,173070,ccdc4b57d8f6e3d5d7659e18b5c80dae395b13b817f086f7e0d4b1939cab6944
F_Breakage/FB_335.jpg,F_Breakage,train,219355,03b1371fa558d8093663296795cc3dff10d79f0a9139169e560e55f6dfaeb4ca
F_Breakage/FB_286.jpg,F_Breakage,train,101310,95a74bd68cb5e6290404f6565ef2a6ed502c75a98980bbe4ba366fc4b6d6c318
F_Breakage/FB_263.jpg,F_Breakage,train,136531,20779b98fb6a011a3859f966c66698491b25c5f8dc4cb43f08ce674ac71fa08b
F_Breakage/FB_185.jpg,F_Breakage,train,95432,c731b792587867db4ae4821ec02a4a4fb1a73a3170bd3a24e36dcbed8a87d8fa
F_Breakage/FB_19.jpg,F_Breakage,train,239663,de70bc06b5ae62c864676d44638d68b9aad30fb59440db83e118483bc70c6ddf
F_Breakage/FB_477.jpg,F_Breakage,train,153153,3b45528012738f18173516558e2a6ca5014a4cfc8eeac67f80f4832d20459028
F_Breakage/FB_454.jpg,F_Breakage,train,198526,266d95eb8d300e5aceb5958cb8439d167a51e8035798614e675a1630a4b88d08
F_Breakage/FB_239.jpg,F_Breakage,train,187976,8feee49d2f4a55ec969f5dc4e1215147413801402f8b0b0489a4efa466cf1286
F_Breakage/FB_306.jpg,F_Breakage,train,164882,2c4eb3f2c4b959366fce87a8438bd2b45c410eb2a63c55417d4fe0a6172ad933
F_Breakage/FB_425.jpg,F_Breakage,train,167038,f51f8221259ee5868246a9f3a82b3ca6551c20a32f507de63a55f1e9c39f6321
F_Breakage/FB_312.jpg,F_Breakage,train,89303,de785f6077c2ff765ca371d487d773ea7863e23be258e1c83ee6dba44bc4aa5e
F_Breakage/FB_417.jpg,F_Breakage,train,186322,8c4f8598bbec71e0289161398bbeeb3f811bba02d94c2254c611eed520825c74
F_Breakage/FB_176.jpg,F_Breakage,train,132513,19398c5b002965f18b66a467ec4b1a4d6b68a0013576aea399bf1f64fb581e8b
F_Breakage/FB_390.jpg,F_Breakage,train,155681,560bf8472088bd9e61fd66cc7c5e07bc276d7ab4b2e5d6aabf14c0e117164312
F_Breakage/FB_253.jpg,F_Breakage,train,146743,c18674bb10132a0a1a25ce3101b58ad9cf722d87884eb9a4adca0e67e08f020b
F_Breakage/FB_453.jpg,F_Breakage,train,117750,63240f99fd42d66b2a0e751f38e870b49e693d4654ad3ff877714f2629ae7816
F_Breakage/FB_237.jpg,F_Breakage,train,179544,bcf9195468378f12864aeb1fc69d5552a3781b8ff59934ea6c71dc5b456d2212
F_Breakage/FB_381.jpg,F_Breakage,train,76852,e3caa621c245a52e80761a13257e81438e175124ceb9e8480ec66e07391cff2d
F_Breakage/FB_133.jpg,F_Breakage,train,245399,5adfb4475354069ce1b53acc7c88ce7dfe4a3a8cb67788900ba0715f3b6ceaca
F_Breakage/FB_452.jpg,F_Breakage,train,180455,09defe2920b31117ed9d5c62432e318c03490beacc9b45753ac6e89edcd4142f
F_Breakage/FB_161.jpg,F_Breakage,train,73999,ac364c0ae877cc27066e89e81f4de66e0c449bf5aedbf5b628df89501158a639
F_Breakage/FB_195.jpg,F_Breakage,train,102249,d7a6c64a60d5b28ad2766641f9d2155ac85a17483dc7e6e1b064bdca99fc4820
F_Breakage/FB_412.jpg,F_Breakage,train,123134,2818e5110f72b078d4dd8ab1ecbb84f5c06b29164c5014d40526b2b4ca74b5b7
F_Breakage/FB_9.jpg,F_Breakage,train,176246,0c1b014b4953251c993d7626a7732bc881883226e94c1380e2ea703719ac6a5b
F_Breakage/FB_485.jpg,F_Breakage,train,206727,ba7eb30e9244afb7b850da913773d44d1f78bde0880236394cb188f8b0e3b3f2
F_Breakage/FB_241.jpg,F_Breakage,train,235586,da40f5d1ef2d2dc9d2e198085c2dcbd2962fb48b53096fb887cfc6fad3267eb3
F_Breakage/FB_127.jpg,F_Breakage,train,221494,c2d03d5a308a745060406592ff499c1fde0805c811161d04c91b37d754b47297
F_Breakage/FB_319.jpg,F_Breakage,train,77016,faa4bf8088ddc29541c3ca56539ec7f2ca79842ac3b30dd2bac94ea9cd9b8d18
F_Breakage/FB_106.jpg,F_Breakage,train,165173,28c01aed5ad8cf92e287a4dd7652365f918b2a3ec5f59807ee45f575462411a0
F_Breakage/FB_34.jpg,F_Breakage,train,224984,3168f0cddcf940030356538977365d6e6d37ee28fb7a29bce7ca17d7b319e63c
F_Breakage/FB_86.jpg,F_Breakage,train,100833,66e70e1a74d3dac2774e5b5fd8344af50336be75103d4d52c51a249c7646f738
F_Breakage/FB_309.jpg,F_Breakage,train,241870,a72bb76a684df1d9174903ffe04e04201f54730154d79a0a078053b90f14548f
F_Breakage/FB_334.jpg,F_Breakage,train,191508,9db8c069227577730d3b6c649ccc2b7781cbd4769a7c9e5f22ef85bff64fcb89
F_Breakage/FB_460.jpg,F_Breakage,train,165989,65d1d312f03b2e5ef8c47346672a991cabd5b849637b9d41ef2e26b0fb782e37
F_Breakage/FB_361.jpg,F_Breakage,train,213170,3dd318af84b36885c18fd29579c82f544770bdaef00a6b01c63c2ace67e7bc15
F_Breakage/FB_278.jpg,F_Breakage,train,215642,32ea1ba8db0b8923c0019d7fcb1d72986059c2ba9f842845b685af0410d40cfc
F_Breakage/FB_218.jpg,F_Breakage,train,139714,7d4761d1206046d90e22951b4072b9b5124f976dbf6ce1c626da158a5aa6a4b4
F_Breakage/FB_391.jpg,F_Breakage,train,162358,8492f1ae7b5109aecc2ff8588bbb41e90478386f818ffc9d4c818e1e7b61ddc1
F_Breakage/FB_39.jpg,F_Breakage,train,151631,2fe3d99e307dce6653c83506b04f6b99ab76204069b324cda08fd4ee32d149bf
F_Breakage/FB_100.jpg,F_Breakage,train,173992,03c47a5102505560456c2368d7e8b4aa7debda381691cc747960d83e97eec3d3
F_Breakage/FB_115.jpg,F_Breakage,train,100164,3246454f14e8ce7352728ab485118e79d27b4ba0d5aae0ceaedc7c177f3ebe3e
F_Breakage/FB_89.jpg,F_Breakage,train,141196,e797b0f98a281606802890b4b090af47c0a48444dbcdfc41ef20fb72c3f2a2d1
F_Breakage/FB_336.jpg,F_Breakage,train,95247,34c13a213d3be9ea0080561207af89fe7c5f9ea6c03bef374ff0d6e51c5b902e
F_Breakage/FB_168.jpg,F_Breakage,train,185528,fcbea69e971edfa6f7b94413ee5b7538a6498b17e3c2299932bd00832ee8735e
F_Breakage/FB_327.jpg,F_Breakage,train,643509,5b66a56ef212bce848ee10134a020f8412a363135be06503ba5d2187433f99bf
F_Breakage/FB_382.jpg,F_Breakage,train,74053,534fab14fc12f0b0103bcb1ab2cb0dfa2b4de95d4dbd0f4ad584c178ef63012e
F_Breakage/FB_415.jpg,F_Breakage,train,34650,befd503b7f6ac617ba1a97dbf5d883ad1a472e053273bf70f3293446b10e23cd
F_Breakage/FB_73.jpg,F_Breakage,train,175515,486922c7c47246b9495015d2ce50f97fec4e2ed5d96194f21fcfae72ccfea34b
F_Breakage/FB_228.jpg,F_Breakage,train,175421,f45248022c50d12f3dfe366ef34114780adfefad214ccdc4b06b694e6f1de33d
F_Breakage/FB_53.jpg,F_Breakage,train,101116,015b8972e3604114cc64136c498011a9c806451158c3cd79a8a6525eafdd3cf3
F_Breakage/FB_159.jpg,F_Breakage,train,216528,dd4add9b3b17516152feba4e62f5198fd2a59d83a1e2774ac7acb3b2adb6b890
F_Breakage/FB_260.jpg,F_Breakage,train,142313,9cf7ae93b5f9645e5c169443746ff43cf479c63bf0d9c8c3f878e05cb0d709c7
F_Breakage/FB_219.jpg,F_Breakage,train,111504,ddf04ab789b29ed371b87780fe87944ccbe8b99162df602a92d0e562c5695a3a
F_Breakage/FB_229.jpg,F_Breakage,train,170527,26611842b1258a27f4b6fd74ac130333c7f18680f57b5e38f105ce4d97a2d354
F_Breakage/FB_465.jpg,F_Breakage,train,121993,9a893cfef2ccaacbeb0648ac00989ccb31d8a2cfab97112a1fa1d73d2c6059ec
F_Breakage/FB_351.jpg,F_Breakage,train,68403,aa8d293e14ca14c692d683f002aca01f7875c06e1a97cb63b54c6ae053fa63f8
F_Breakage/FB_341.jpg,F_Breakage,train,217783,770c368c56dbd5d4bf6d630f88d6e7da43594b50d030cf427a75303f724af061
F_Breakage/FB_69.jpg,F_Breakage,train,205124,1615170fd4263465f655f00f4c1f97fa4f1f426e72abdf86f04230f4cf5a76e1
F_Breakage/FB_287.jpg,F_Breakage,train,195784,7babd6c521f634a41da96480efb7973c4ea69ec3830149254f915a18700b33a8
F_Breakage/FB_23.jpg,F_Breakage,train,161395,06d65f67bc89d89ae465e3fa102f22ea8f821db31ed37f9e8adc2342b5220215
F_Breakage/FB_489.jpg,F_Breakage,train,145427,abcd378b327fc16ba02b083ae3d5c8a96d05550d5dc4874399ace39172dbd094
F_Breakage/FB_349.jpg,F_Breakage,train,238955,43ef705f89a2fa6ee5d593f8f9c03a89d3f74635cba24cf8dafc4394ab4296c5
F_Breakage/FB_406.jpg,F_Breakage,train,181658,dc9e7089cc48d1e98c004b81d56c28bb49e67b8f7de50789050ef7c5dc8c2934
F_Breakage/FB_68.jpg,F_Breakage,train,132449,e0d7a3c2b6aa3d36f7b69a839a58f2eb611e4db1b5f3ace99bd743dc47e31360
F_Breakage/FB_385.jpg,F_Breakage,train,64465,745de589609a902ecc6e35e0d15a5a3efc7e65936b4da1620e0c8ddb11391431
F_Breakage/FB_114.jpg,F_Breakage,train,122303,1a1785588d7585ec2889e9cd7a8ae8049b48ceba12d9caffe907c677fd633b11
F_Breakage/FB_52.jpg,F_Breakage,train,115556,c808052a1473d77bf819c6f542cbcb3097a169701d6587d4b47a82959ac99ead
F_Breakage/FB_117.jpg,F_Breakage,train,91395,bca89b719eefea47ed6c59a39dc7dac473d540f87dade32775525372f9d17bba
F_Breakage/FB_216.jpg,F_Breakage,train,124151,c14b71b5d28c26300b6a1fc00dd7577f42b7b8bee0756a0c2338d5fa50064955
F_Breakage/FB_313.jpg,F_Breakage,train,146402,2e5f948dd086754467e6b9d8d51184bf1a1111df73791a4c80514a3786628696
F_Breakage/FB_366.jpg,F_Breakage,train,64368,99af955af3ff4fd6e54014a61291287badb4d65f897fdd969555f42e24f0361f
F_Breakage/FB_357.jpg,F_Breakage,train,172745,4c0ab7fbaae114d7951409fe1d28107719c309945e76a89baa1190a2eee3e271
F_Breakage/FB_401.jpg,F_Breakage,train,123457,b2113e25601645b61f9f862263ae71cce8b310fa4e6de3582e23d0c7afad4921
F_Breakage/FB_37.jpg,F_Breakage,train,149249,76ed329a8a18d5438375f380c34fb56c6d78f79e94e13315489cc838803dfc70
F_Breakage/FB_233.jpg,F_Breakage,train,73930,2fc5d7221c987d75afb1fc3749f20bdda08e8949f3d6f70ecfc9a5f0433e77ba
F_Breakage/FB_282.jpg,F_Breakage,train,148746,98deb0092e8a4752ec74adaa785783312b1bbb0f3f64d6892fd21a323aa7d4f4
F_Breakage/FB_448.jpg,F_Breakage,train,154967,315173a7d60506f7ea6d8ecc1c66e63178d5bccc6c4b25c699bc9f04a88cc5a7
F_Breakage/FB_458.jpg,F_Breakage,train,67765,3476d778a8055410859056880f479466a93031da8654e18ad70c6d075c234890
F_Breakage/FB_270.jpg,F_Breakage,train,265890,94a088f6f2a3bf7cbb08131d16238f385c68cf95436b01a0f19530b2391cca30
F_Breakage/FB_280.jpg,F_Breakage,train,104068,6f05973c08559b7f2de01ae26ed57ac0acc37bd69f8124d060c0f6e3f25295d8
F_Breakage/FB_476.jpg,F_Breakage,train,134584,0005c483ee469e73b9ea2109b03069eeebcc1f83278aefbfa7eaee748910f90b
F_Breakage/FB_111.jpg,F_Breakage,train,79534,3247aa9d543fc66fc20aa309512f1b7dc4b787efea5a7cefa33ad795de70d72d
F_Breakage/FB_149.jpg,F_Breakage,train,71222,f22b9d7490d5b8d766e363cabfd70629bfeb6d4de0635f8fe3c96939e7c491de
F_Breakage/FB_167.jpg,F_Breakage,train,152853,5b333bbf7c451d4aa9baeaba3c4070e8da43097a5931ce84561640bf948b2d29
F_Breakage/FB_355.jpg,F_Breakage,train,104330,d4e13eed84aaa25f570d9e7e91156aa4b8924a1032782f6386d5330494aa0ec7
F_Breakage/FB_134.jpg,F_Breakage,train,235522,06366b1a33af8152a3936240964e719918a3054057f7c602fce5a6d6c1a4ae8e
F_Breakage/FB_451.jpg,F_Breakage,train,260671,b2f561cae047181a534efc3cc8cfc39cd173232577af66436ea276098fb6d24f
F_Breakage/FB_63.jpg,F_Breakage,train,231097,865a4d41268c2e4771b58f4dbda624cd0fd116dcd124be5e58f762ef253a7736
F_Breakage/FB_330.jpg,F_Breakage,train,158092,1e24bb1490a84189d175d359d2904353263bdce2df37c6fd1a35e8ad0b9aa92c
F_Breakage/FB_26.jpg,F_Breakage,train,179257,42abd7005826480e9e52a1b345165109c9fa48ee8a8c9909de8cc5295335f3ce
F_Breakage/FB_290.jpg,F_Breakage,train,131047,c2f4434e65cd2bf0cc369d4ef7d1d484b20a55349487b91bcf0ecdbaa53b5ed6
F_Breakage/FB_74.jpg,F_Breakage,train,92109,37478e4ca1762359f2b3d5bbd744a229878ee90d56e6fb8c854a7d7681be5ccb
F_Breakage/FB_478.jpg,F_Breakage,train,125485,dc4baacc3ba0d250bd4b8587eaad94c934e297de7e8d186439fb3eb1f7bbca59
F_Breakage/FB_16.jpg,F_Breakage,train,121263,d187c9847b0bdda1f3472a605bfd56d86676589d93fa5b6955ae602a7cfec5df
F_Breakage/FB_189.jpg,F_Breakage,train,126354,34ce211b6dfdded5efd5f69a543f88868e0d815de27667fd79af0f7de21bb7c8
F_Breakage/FB_78.jpg,F_Breakage,train,126529,e12ef09f2cc95d181d1612e14fde8ec3ecea67c66c09d1b4c50fb94d513c88dd
F_Breakage/FB_187.jpg,F_Breakage,train,175791,cc5408a6b10b618d029f8a10e0ab7d39623b149d1fd71649757fece4fffbe827
F_Breakage/FB_276.jpg,F_Breakage,train,120314,5c19e9edf1a1ec4ce562e3880e78d01d5c75821b07ba7461a5779749542c324a
F_Breakage/FB_404.jpg,F_Breakage,train,64645,d5ef62aecb1d4d2176390fee7cf650abae431c503d3cec648aa5b896dac6ff20
F_Breakage/FB_359.jpg,F_Breakage,train,82228,b5e8ea86f476ef491b076707dbc6e687393fcee81642e335ca76e28221e4d460
F_Breakage/FB_386.jpg,F_Breakage,train,145064,3a71168410c5fabeea5ec418fe0c9e52238707637a6780921674c88df9953b9e
F_Breakage/FB_60.jpg,F_Breakage,train,401867,dcd7cdffe2d7876eedcda9d756572b99b4c0d9f83f3820f7b1c5819a0c22616c
F_Breakage/FB_210.jpg,F_Breakage,train,177852,4b56091aa8b1d30838c23033546c46ad0f48f15003a8b1d0f7816a513562f803
F_Breakage/FB_317.jpg,F_Breakage,train,178554,eddee3b2d986249ac1bc5f59fda5196184edc42980754350a48effe36d85d456
F_Breakage/FB_137.jpg,F_Breakage,train,157675,b71f613b2ecb95b0013311b066cef8df42d2d51e7ca684b5ec723c13189c9bca
F_Breakage/FB_153.jpg,F_Breakage,train,70998,ec30d11b23414596c87f78d7bf4bae9b262e39cf70f4f81172620b92c8924c38
F_Breakage/FB_272.jpg,F_Breakage,train,126514,23188336d9ac99fd5ec6ea97b1c8f653e82023f5b20a94477b21444623cb6b99
F_Breakage/FB_48.jpg,F_Breakage,train,78501,e810696d2fe87a25bc08b8238bc19606b1f35fe96f38378887488f71b752bdc7
F_Breakage/FB_339.jpg,F_Breakage,train,157240,64bae89ce47b560eb9667f38eb5810a32922890b1545b1897a1386e69f478c7a
F_Breakage/FB_328.jpg,F_Breakage,train,239037,42fc92fb9c6258c6424da1c7324bea9d88a59b1455ebaff9148cd7a24daa8b2e
F_Breakage/FB_445.jpg,F_Breakage,train,213328,2f00b01926e9d8c71e61dce5fb07b447fa2d97a5080887c2aeba22b953a90300
F_Breakage/FB_97.jpg,F_Breakage,train,128690,dceec20d8ec9bbdda452782ff84bfb0d4281af0e24a3bb54c68b5e5b652e6c0b
F_Breakage/FB_302.jpg,F_Breakage,train,91354,a25861331e09de3aea1a3fad0390b614841f11b2fe35eb891174fbb6dd53c376
F_Breakage/FB_95.jpg,F_Breakage,train,158609,7678197093e8b16b5add599995bee29ef677f97f0c2441883a19653616851aab
F_Breakage/FB_200.jpg,F_Breakage,train,143612,0e9c03776984c224da1580815e5a08b9fc6fd5ec9f7bf37d9b498c4fab4a911f
F_Breakage/FB_116.jpg,F_Breakage,train,179138,083dec4f95d1043ca7faa61d262b7c824b278d68b6dcfd9847bfb94d030a58e9
F_Breakage/FB_296.jpg,F_Breakage,train,108188,4365acc0cc52d3fcdcd80ccf930db0320a6a4b84f98a4593b44538255ff813ea
F_Breakage/FB_205.jpg,F_Breakage,train,164794,b2a0ddc50819fbff647f4cbe2eabe37ac58280b0b03842ca8a888c6bb155f3a3
F_Breakage/FB_427.jpg,F_Breakage,train,99188,539954ed19a83a185789425c8f92ac6950381eccef5e4bf93d431f877d866ee2
F_Breakage/FB_446.jpg,F_Breakage,train,181263,74c9fe256a6a17c0be032467dac7f8feda5f2ef101ccd938b873fcf06c353826
F_Breakage/FB_493.jpg,F_Breakage,train,122540,9b1468e78ce1aece45e89f67c754e20b406e9f6b64a4142b299d638aefdff126
F_Breakage/FB_363.jpg,F_Breakage,train,116904,d05a68ab2a0cc0bb9860924c32e615aa066317d0d87e83c101e17c5c8e8a8009
F_Breakage/FB_93.jpg,F_Breakage,train,120206,d69e88f949a2ab9ec9a942584724c2ee93a9637e03c3e7ff7b62ccac9029c222
F_Breakage/FB_44.jpg,F_Breakage,train,292848,224ce147f17592d68862de225df93b6146f061c94a12167025a14b616146a478
F_Breakage/FB_316.jpg,F_Breakage,train,139129,909691f8f36a0dd6a40d7b553d68f01d8b86888db5949d060b98ba67db1b46ec
F_Breakage/FB_500.jpg,F_Breakage,train,148908,2fab60494f0fbe3dc2a46ca7656c609b9a9996ec7feaa946004e43d34e6ec85d
F_Breakage/FB_491.jpg,F_Breakage,train,229994,9f57b8efa7e2982129263d80839e1f974d2a49d7c4afc55b81c199c817c138a0
F_Breakage/FB_123.jpg,F_Breakage,train,62305,51f9ab00ac106cc398df012e7de4a935526327a27ecefe4c7eae609cb68cab01
F_Breakage/FB_298.jpg,F_Breakage,train,55773,2cbdbc476ff208c3644b2184a16e33f98c9581ab332365319435bfefd5347132
F_Breakage/FB_71.jpg,F_Breakage,train,197762,f1291b8dac2b38527f8328751d53265931015e92227ba2627ebcef17e0a41a96
F_Breakage/FB_177.jpg,F_Breakage,train,134272,78ae9199e223b3b1421dcdde546f475e6d30f3e28540d40a648d984bcbb8cd70
F_Breakage/FB_424.jpg,F_Breakage,train,131246,ba0f14848875f3ed68c6e227dc1abd21a3c28a7e55d5acb50b677736482380f5
F_Breakage/FB_192.jpg,F_Breakage,train,123034,88d9e8908ecbe7b53ac8b351377c8ee06404ca5c8f6f04aa7cf00be61c9ad890
F_Breakage/FB_82.jpg,F_Breakage,train,105273,0fdaddf995faf3bc04974836a10aaef8c2fa768ab6b74713217c09ef1b0b9fba
F_Breakage/FB_121.jpg,F_Breakage,train,63507,b15f52ab79e8e2f842943eb84f554f9f7502f59b1900d990ba3431170a8dd43b
F_Breakage/FB_376.jpg,F_Breakage,train,134398,b53d71c400331dc2287e68edf283f93c906baf482356c2606a7b85be6f4296f8
F_Breakage/FB_25.jpg,F_Breakage,train,175847,9b541f2f0f9cf42e6e5d2f844677ab255b4496a233505535dd1ba332a522c2e4
F_Breakage/FB_54.jpg,F_Breakage,train,95868,cd9395cfee477eebb0371c1e010a2fe64f71bed08937297e5077fbc60a575556
F_Breakage/FB_77.jpg,F_Breakage,train,121636,26d1cf0e016288c554fa79071b8dc933379a3dfdf5106d5838608888968e2ef8
F_Breakage/FB_469.jpg,F_Breakage,train,94272,c702941da9b30f9dd0c9ca6e54a9b4b28fabb8cb0f9fa21a71dbd82928f939b6
F_Breakage/FB_299.jpg,F_Breakage,train,211076,69bb1f1641daf63095bb243726539bf6e6ca600035399dd9814e493366ea0448
F_Breakage/FB_474.jpg,F_Breakage,train,123311,fe8687666d55b37afa1bd2eac604b7a8cb456e0288bfc4de3ac55834cb1114b6
F_Breakage/FB_194.jpg,F_Breakage,train,172156,36ff240ca593374c179008e9540ae0ed2cc346b20f2ff3d451a4700ecd16157c
F_Breakage/FB_433.jpg,F_Breakage,train,54235,5e51c9f15c3d813ec3f1ad57c95aa51a63823f42566f793b26d69be26aa7b667
F_Breakage/FB_180.jpg,F_Breakage,train,178537,d38035437867c070de34cf21f63493a19b504d9b713e1c1c7003deb655f1e61c
F_Breakage/FB_56.jpg,F_Breakage,train,200946,90cd68a72480f7803c1b65b790ab36ef2cf2c9c536f76f54165face3cd6da21b
F_Breakage/FB_250.jpg,F_Breakage,train,123754,4143a8c100d09634854e08b2dd545eac5d5d0081ac244815164ed40153f478bd
F_Breakage/FB_315.jpg,F_Breakage,train,159074,339a3499f08853458796ae16bceccb3074747abffb5bf83d53ca091bdb84c186
F_Breakage/FB_461.jpg,F_Breakage,train,88207,f1d3ebf7ff4070094a5a5072ada4a3d510011aa7c7ef2a6153f5e4c84f3c8e6c
F_Breakage/FB_142.jpg,F_Breakage,train,155985,3def0fdc486c64b5078ddca043513c8878ddea1109c32d65137efee29a284a84
F_Breakage/FB_193.jpg,F_Breakage,train,63354,1cbd29d6a7131482797f9374ea5ac5d9645e4faa4910010e8db2921219e67a30
F_Breakage/FB_285.jpg,F_Breakage,train,94045,f608caf22617529fb1ad950ba4d3ce5129fd4c18f39701fa357604a4413754e9
F_Breakage/FB_321.jpg,F_Breakage,train,423524,42ca88817282a81d9093d903b1fb94d3f89e9d118f09e34af25bbc760e5a7ca2
F_Breakage/FB_28.jpg,F_Breakage,train,190276,9db228935d8bbc0ea4c2b3b258990575349e06316b4c34cd4310a77d7b061654
F_Breakage/FB_155.jpg,F_Breakage,train,200372,f119449d834616023b349181de0a3cde9abcf288756c03147861acad95b849bf
F_Breakage/FB_79.jpg,F_Breakage,train,125946,207e3e1b7da09a1847b38f062e1e0c37304e1608c2195155730e66a4e39c0d30
F_Breakage/FB_231.jpg,F_Breakage,train,139435,01344a260205b01f02218374fc7b6553def3ed12396df2f96315d8364d8d5610
F_Breakage/FB_230.jpg,F_Breakage,train,252753,184aae242666785413bdf16a81e3a551889db7e89eb03a85487407abe69a84e1
F_Breakage/FB_301.jpg,F_Breakage,train,158959,0c5ff9f61198482e30a112fd0d03f37a7bbe5ae142c58d5435059c53a2a7b5ba
F_Breakage/FB_479.jpg,F_Breakage,train,146497,87e9f55119da6e2d04ff87f86f25a2ae09f3ab3dd6bb839d7cbe49c3bd38f202
F_Breakage/FB_85.jpg,F_Breakage,train,152777,3efd4fe4196dc6555afc29e2435086787479bd832c5b7bf868ad1d0a3df11984
F_Breakage/FB_91.jpg,F_Breakage,train,103452,a2e5caf260eb603733ce3e0531c61cfdb64a078f4759c4cefe97fa03d45fa1c3
F_Breakage/FB_55.jpg,F_Breakage,train,103797,f29fdfee3fe9add7f2aeeb58a36f735b77f11482bf087761fa06d109035222eb
F_Breakage/FB_198.jpg,F_Breakage,train,115343,00358bdf7c2e3674fbfecfae352e151ef4d5afb22135876d22ff40f93f30f948
F_Breakage/FB_364.jpg,F_Breakage,train,104632,2cacb2bf61a74a114918c149a4ea213a6d9de79c61caef6b1c13f4be5af89def
F_Breakage/FB_496.jpg,F_Breakage,train,58553,05cb78ae85c9d914fe6e77ea9741e0676f7e4149a080e20accd74cdcd2fd5252
F_Breakage/FB_208.jpg,F_Breakage,train,84321,5a761d687db42cee27d780cf36625986ee0440b684be8cbb77ef57f821059605
F_Breakage/FB_338.jpg,F_Breakage,train,160596,0592535ec665fb2aa69f49e117cb97f1cc72fdacd382cd89f6d09135bc2ef7b8
F_Breakage/FB_251.jpg,F_Breakage,train,95417,7c220996af772074c2fc0efabb34a09b59f94a33fc626f8d4a33828f5e46a77f
F_Breakage/FB_442.jpg,F_Breakage,train,66267,e35a2128b7c677c55414f6f9c00810ff180c33011b4c04db9269d4583a5f6fa3
F_Breakage/FB_13.jpg,F_Breakage,train,133070,afc0c288183c8171296abc2bf7da699f44173d6df4719cf623d19a04037ca96d
F_Breakage/FB_340.jpg,F_Breakage,train,241783,f5be58021f8dc5260ffc33a74efb4dbd8be154140d00e344ff06ea9b92af1b70
F_Breakage/FB_126.jpg,F_Breakage,train,149342,5b51f9c33858263bf4d83a9d4cb3e378cc75c3a23bc0e0a577a074277a26c29a
F_Breakage/FB_46.jpg,F_Breakage,train,115462,6212d15d5132cb0f8b9970fd4626d314059b462ebeea8199db89e3ca02d20189
F_Breakage/FB_64.jpg,F_Breakage,train,142795,e7a0045bf8098587fcf2eb746dac649a7b55afe4e214377bf541e904cb803769
F_Breakage/FB_418.jpg,F_Breakage,train,62822,ee03bedac6c3975a5d2032cde16a451548fef232c3a6513945abc57731aa756c
F_Breakage/FB_443.jpg,F_Breakage,train,202030,532317c1c82820149782fa7cf5a1f604522d556f4c1062910ea3e135df5dae19
F_Breakage/FB_108.jpg,F_Breakage,train,76656,1fabc1f5bccaae02f9bc404ae5f8e4d8ac507ac4cac03c764c73833eefee3697
F_Breakage/FB_255.jpg,F_Breakage,train,103877,006ca57bde0515bfd601b2029f73f73d86402b5f4595cc86520d883e3b66471a
F_Breakage/FB_407.jpg,F_Breakage,train,159359,c6e93bb738ae1ec9eb1c50a31f671ea34b5b477f7cdb4c8f7abcf38fe5a1a7ac
F_Breakage/FB_202.jpg,F_Breakage,train,148071,df7389bf7b9f776b64e06c71244ddd6a04790c601b6f227fcf78d0f8c053449f
F_Breakage/FB_426.jpg,F_Breakage,train,180088,e71c5319feb20c4e237218b1dbaf8e287d8825863932c1a4d14ddb68d838b6a3
F_Breakage/FB_154.jpg,F_Breakage,train,218372,aacaf8884c8086d0a21e3f2fd75f5f5779f04a077f023dad951b418d679f8ef0
F_Breakage/FB_307.jpg,F_Breakage,train,109053,04d9d922ed310afbeb4688a2b9f00d0c45180898350590b814e76798d4d1dcf8
F_Breakage/FB_337.jpg,F_Breakage,train,164028,8930fd320f1e80aa999163cc13bc0ad4f62b247e7827355b75dcb1a57608f5f5
F_Breakage/FB_300.jpg,F_Breakage,train,123885,3af0a243ecb791fabf9b01c320e6db6916adaf5145c263dd8a141021043886f2
F_Breakage/FB_380.jpg,F_Breakage,train,163424,5ca3d383d6e1c3505d688ca35dc788ab583a73b5e6e3783d8f1ca1860fa5fd96
F_Breakage/FB_42.jpg,F_Breakage,train,120786,577e0024cbadee73f53b12d47c6b30919375c346f303ed2ad43bb3cb3496eea8
F_Breakage/FB_242.jpg,F_Breakage,train,143908,731b8ae41aba770d67a077beaeb0ef8d6c8327dae09cfa81864c0cd97a8b7677
F_Breakage/FB_191.jpg,F_Breakage,train,178410,5aede0e18ab1d647406dc99deb41ea55cc462092c2877993a8a681fc5a26ac36
F_Breakage/FB_379.jpg,F_Breakage,train,230981,fa1b1d86bf3b1515c680626864a38d34d0c8a4cca0861f7f18ea93ac95b73ad4
F_Breakage/FB_434.jpg,F_Breakage,train,114573,9dce4d98912a36a61dacc2b2b54ee6e2f4817d2aaf74ccba210abcf321b140c2
F_Breakage/FB_409.jpg,F_Breakage,train,122876,417334fbbd557a238ab98cdd7b927a5565045364f68e3cea843edf8b959e389a
F_Breakage/FB_402.jpg,F_Breakage,train,415834,843e683c9a3354dd180e78a2c9c997dc3643c63cdf1dd31c94fa99ee58eefc3a
F_Breakage/FB_428.jpg,F_Breakage,train,103297,6032796b6150a119142a8deb27ec95e44ee66b1f373817ed120ef21741d3add6
F_Breakage/FB_175.jpg,F_Breakage,train,175526,2b2b2d7e61b046d413065634e902827d4fb36cb6c81eb7fa88d1ab0287bfdef4
F_Breakage/FB_352.jpg,F_Breakage,train,130596,60f338c1be146d71edd94319c6871f6995b1f780968d6a01918e720424c6e250
F_Breakage/FB_318.jpg,F_Breakage,train,131526,711ecb7ddf346d1d287b1950d5a5193e3f24a0b6d854f0fc88d3da6391e24059
F_Breakage/FB_158.jpg,F_Breakage,train,274291,1b24e9fbbe9e042501d2f53a05b6f745ab2c8ccca3113d6596bc720b00146991
F_Breakage/FB_157.jpg,F_Breakage,train,259620,4a7d40c223601a1b443ebc8147d3a7670aae0d4875c786cc8e52abe19c82d531
F_Breakage/FB_344.jpg,F_Breakage,train,266773,de5fefd6e0aa0a2a5d848451aca74c00e86a577f3141c83e7553d439ff206943
F_Breakage/FB_480.jpg,F_Breakage,train,180754,1d91b6623cdddb07c1a6bff2b2e48ca00484e4ac5371da317666c0a0db54f22b
F_Breakage/FB_322.jpg,F_Breakage,train,201436,d644ef635ee24db17f0a93aa59092aa13c5c5f4c610ecf6ccd14b0f4b65e9582
F_Breakage/FB_138.jpg,F_Breakage,train,111040,ff4dc8668da46c4d89cd1cfcea65a1725017ab81b609a39e9e5cfabff203c143
F_Breakage/FB_475.jpg,F_Breakage,train,209524,5195884e16b830c5c415cba016be972dbb0a51cab03399151c922c03daa32d3c
F_Breakage/FB_437.jpg,F_Breakage,train,58975,48943729b150690d81c422059013c0fc7d5c2965c3ba8f489013acb9a05d91b2
F_Breakage/FB_21.jpg,F_Breakage,train,159906,0fb07bba5f863fce2cf80c1ac6164ed080cc51ec3efae23b9b89667a8c3747c1
F_Breakage/FB_125.jpg,F_Breakage,train,153586,acb9dfb8aa07c1a07c469ca11c206fa125336d1fd0f8b34317e2900621d2a226
F_Breakage/FB_209.jpg,F_Breakage,train,142365,3cfbd75f057fe65f53efba14bbbf4ce20851198c94ab855aba35ccc15faeddb8
F_Breakage/FB_240.jpg,F_Breakage,train,192247,d90bedba451d75fe79f53bdbe870eef9d48a4287f96132f96a5f57928bfbed73
F_Breakage/FB_419.jpg,F_Breakage,train,171092,2e0cf5b5ade8e23fca145da5b976b149de83fbefcba34865191c7d7e85aaf398
F_Breakage/FB_397.jpg,F_Breakage,train,120635,6413854530186e6d072ab507ca3f973c6496ba028042d9327f0e3dfc046ba060
F_Breakage/FB_107.jpg,F_Breakage,train,78993,ee3dfe9a3364731cf2603f72cc05fa234efa9295d19932dc738e9984033a52cc
F_Breakage/FB_324.jpg,F_Breakage,train,142124,ee971df02ff6832981f4161ef131c3f726c0edfe8c94c94e7795e1352825aee4
F_Breakage/FB_248.jpg,F_Breakage,train,155292,405a2433033ad2ab105e264e9d9ca6207b06a6c269a493bb0678e65c69c1ffb3
F_Breakage/FB_375.jpg,F_Breakage,train,182973,42bd2ae9327a258480983a8749b4f360fb87b28a5e3f8e2b39c344c1ea2f353f
F_Breakage/FB_1.jpg,F_Breakage,train,153360,d5e14f962d2543a8f8f3f719996822a93113314105bebf8b86c13dc4f7d0104c
F_Breakage/FB_343.jpg,F_Breakage,train,111307,d101b4170449c9a7413601aa2a475faa474c352e0665a0ec7ceff104c666618c
F_Breakage/FB_348.jpg,F_Breakage,train,177583,379e4c06e594449f5fe8ba4480aa5c95d281925b94204b2634dc75ce4df70b87
F_Breakage/FB_173.jpg,F_Breakage,train,230297,20609ab2234cdeda65a4c0ddc92edb94c1db038989579693e0c51a830f63ee11
F_Breakage/FB_271.jpg,F_Breakage,train,118600,64c55c97f7df65063da3aea811f050faa604066cf0542970372959b17c75648b
F_Breakage/FB_411.jpg,F_Breakage,train,126917,6d1eebfeec041b0d485668dba694fecb673b50d8756b7ca56d0bfed041c4172c
F_Breakage/FB_75.jpg,F_Breakage,train,93031,cd875d9e13a29c26d4276c1073f7e73c2a973918b3efe71fb40b05dae246f3f9
F_Breakage/FB_459.jpg,F_Breakage,train,238841,3e11a131d79161eca8d244f52715b570355bf51a7c3765d9af805cc15106c7c9
F_Breakage/FB_387.jpg,F_Breakage,train,104750,6c4d3e0824d50ec68467489b8c148679925415ea44361d98ec3f3b9f6bc7ae0d
F_Breakage/FB_236.jpg,F_Breakage,train,98475,c0b61ee925535fff62c1abc2d3dcfe695bc952b600915ff962c9ee50e9a5273c
F_Breakage/FB_148.jpg,F_Breakage,train,177093,01ff7050e48a06600e7214b2e55e5be9079f641924b549f6ce83b46ec985c817
F_Breakage/FB_332.jpg,F_Breakage,train,53910,32c902999362011100f2f5dd03f08577e04f83b2e8523e20988574da8d25b918
F_Breakage/FB_181.jpg,F_Breakage,train,113696,5257668ab8f941675b3830d2dc7c2803c56f3209f49afddcd75b239dc84c450f
F_Breakage/FB_33.jpg,F_Breakage,train,169541,b3219e6155a81bdce7b258e54cc8437574917453cce162801319103a1edde2c1
F_Breakage/FB_487.jpg,F_Breakage,train,147677,9017fada0cf8b64b97ab05ca4c981f26ced21b3caaa94aa36eb866da50da6380
F_Breakage/FB_10.jpg,F_Breakage,train,235975,ef71d22f0d0ac7f133032abf361f260a6726808447d8b1cefebb1eb2de322431
F_Breakage/FB_62.jpg,F_Breakage,train,63808,3c12f97a7591ea90d5f5e85bfd434c528d9003504ad5614b42175a77a646feb5
F_Breakage/FB_171.jpg,F_Breakage,train,256213,e5b565e4961589a6e9d613ddaa7f69ab4c7c6931b582769abc85db221dcd7d8b
F_Breakage/FB_3.jpg,F_Breakage,train,75035,f6b29c067906fef8c75ed3c2cf4d07a4b9590fe48e31ced470fc32212e5d0173
F_Breakage/FB_488.jpg,F_Breakage,train,148679,f1cd31d55ce87f7d173f2f5968376c493955e6aa94c3cdae21585c9fc254431c
F_Breakage/FB_98.jpg,F_Breakage,train,128575,2aa56409ed3b1da9b18dc777b29f10e29ae70c0bb109236d96101c6db5931670
F_Breakage/FB_59.jpg,F_Breakage,train,211249,838f27759e9d302df2c8f431a6703c49880c735b0ed3591c0962e3770c560a09
F_Breakage/FB_395.jpg,F_Breakage,train,99220,d293194e06f2a2cee4e14b73144e5ec34eb4f29c42145f180acf9c39043426f1
F_Breakage/FB_463.jpg,F_Breakage,train,153439,d28c952079caa6ae7cee65905ea905ba1da8665c51cd737de119fc00db12c4db
F_Breakage/FB_492.jpg,F_Breakage,train,63034,0ad54e9ab02d602695e72de8553c75fead4a076fdcd39049ec88f2a21502e9d2
F_Breakage/FB_151.jpg,F_Breakage,train,103068,8c4794179cfe7e89e4586858ab810c3625a758a5c734579072587ad153e10e3f
F_Breakage/FB_103.jpg,F_Breakage,train,109059,3bd4184d92568e08dbf3638d34868764752a858c401221ce7fffa25f6b11e58d
F_Breakage/FB_354.jpg,F_Breakage,train,156836,ab3e781984ed5795eb8d78dc2a2716f99be510cf278f30030e077f1be0fc01b9
F_Breakage/FB_214.jpg,F_Breakage,train,114602,34c7e903ff3fd83a86bdc4f5f41993a6ae5d11e31eafe08594048d47023c0ab1
F_Breakage/FB_342.jpg,F_Breakage,train,112778,50cfafcc7cc38838e7fcc2ceae5b6fd6a2f8adb76fbce7eb5cc261fe34cedaa9
F_Breakage/FB_314.jpg,F_Breakage,train,51951,375356c7d3a58196eaf408faee1e92d43f1def0c34529c0d79a7655805af0a4b
F_Breakage/FB_464.jpg,F_Breakage,train,151524,ad1ff65ba0c3b35443eedbebf6aa01a04062d048953d2ef7d114c4afe7b5e477
F_Breakage/FB_275.jpg,F_Breakage,train,175960,4720fa521968c5868fc5f17adb164f798c9ab7319ffbc5e40e370cb1534e635a
F_Breakage/FB_277.jpg,F_Breakage,train,210441,ef757b9597fd3ff3a801cac0d10bbe9a6afd79bc7cc867c0b5a2cdf716779317
F_Breakage/FB_128.jpg,F_Breakage,train,232730,52a5808cfe94ce5094a0471b8df75a3a711f922141e59300a44ecbd57519b94d
F_Breakage/FB_374.jpg,F_Breakage,train,159478,522dd9389de8f2fcdbfb2f2d42bf88f65f47965fe89221bc484506e1373f071c
F_Breakage/FB_88.jpg,F_Breakage,train,113992,878868acebd7c614cf13bb9305e59bab43b1ccc8d48e9e23fa17c1cfb33f7aae
F_Breakage/FB_61.jpg,F_Breakage,train,142030,1a98a2bf21d106470fe310cde1967087339fbc104b73dc1ef36756400d4d6bd4
F_Breakage/FB_486.jpg,F_Breakage,train,105155,f9cb062d792cb74cc51d19245d69cf97346ee320428eb438deb1a097c1520803
F_Breakage/FB_17.jpg,F_Breakage,train,101267,c3f24894a0a1388570bc00652434df9640b199d399d523e1ce8aa05ac475fcef
F_Breakage/FB_15.jpg,F_Breakage,train,185038,7ac50da994cb55a1d6947fa2942cc10d050176e72afa210e9d82fd1954f846a1
F_Breakage/FB_120.jpg,F_Breakage,train,83298,aed2759dae0ad237f41701c1a65fd3145bc9b06f4f28c4c23a9dee73b2feaf8d
F_Breakage/FB_140.jpg,F_Breakage,val,322561,d4847dc43d44f64aa27657b4c2d37a21561751e18c37a6be3ccd004b58b95090
F_Breakage/FB_326.jpg,F_Breakage,val,156851,c9569808cf065181f31e28457d4a23caa58fffa7fc754a50f4f87ec6acf81590
F_Breakage/FB_333.jpg,F_Breakage,val,69501,33ff28966ac08465ba597e5002196b3fabbf281a023a456779346ad85657e8f4
F_Breakage/FB_162.jpg,F_Breakage,val,198575,d2345712600515dbc6bbe46c1ee0ead83b5542a38505ef30df65def9b4fa7f4b
F_Breakage/FB_447.jpg,F_Breakage,val,207612,d30d14b9fa763a9386fbb9480889335568668932b5cbe0955f92deea3fafbca6
F_Breakage/FB_484.jpg,F_Breakage,val,124439,59736e0ad31d3dc6364ddb3a8d8c72e51df618b5dca442b204a2c97aba408bf9
F_Breakage/FB_283.jpg,F_Breakage,val,197591,6718e4521d13477c15dfff8e6fbeee27b47d5fbe70f9d50f520bf568aa310586
F_Breakage/FB_368.jpg,F_Breakage,val,172320,1a207c251b28ba7082970ce2cd5bb4d745607997e0d34b2c05184257bb9ad270
F_Breakage/FB_297.jpg,F_Breakage,val,101216,5775cd3932347e6e52559c9dbf6d7d9ff2498ed7d319f50afe3415a3784b3aa3
F_Breakage/FB_369.jpg,F_Breakage,val,209091,31af0785ad7e22769df1e1422206ea6060bc010aa670453247d7b50784c7c6ae
F_Breakage/FB_22.jpg,F_Breakage,val,164464,7e39e402e1a8d1079217b6812ea879b4b23cc3cf49aebd23ee6d02ab167f3e77
F_Breakage/FB_347.jpg,F_Breakage,val,87444,593965fe8532ba33c89aa3f23d086f93bb3c05d51a3984482c5e1cddf06730e0
F_Breakage/FB_76.jpg,F_Breakage,val,152629,1813dc5d0ce7cb104d585486e2f04a1d1a95f8ab49ab45e851037fd3806c15b6
F_Breakage/FB_212.jpg,F_Breakage,val,170788,da73402840731308d963553d82549809737e19f26e0ed9b9464849af9836965d
F_Breakage/FB_92.jpg,F_Breakage,val,85284,82f6b069014e6511d9354cf0f802a11a54f3b1ea14451b077084cf07388a08d4
F_Breakage/FB_497.jpg,F_Breakage,val,257649,4e497f94bf65d99e79344a1c9a8f67f9f1646e8778014611a4f037b5032cb222
F_Breakage/FB_165.jpg,F_Breakage,val,181857,43e9228aeca17cfdc7b15d3a0ddcf57de6a8bc98cb1c3a6a7d92dbf9f1d0506f
F_Breakage/FB_31.jpg,F_Breakage,val,161936,14292e91fb48b39dd9e2aaa03f0e5636597594e5eadd82a5c11562ab64ea7d44
F_Breakage/FB_396.jpg,F_Breakage,val,65553,de18e816a8959e9b53c14ef921f696e6af9f15a7919d79316f96feb85da610c4
F_Breakage/FB_281.jpg,F_Breakage,val,123444,ac64915abcd9173c15b2d7ed9fa5af7b606c5ea8744f6bef05e24076a92c0b54
F_Breakage/FB_329.jpg,F_Breakage,val,234165,200d02d6d7efc88ff64965651617683dd30ea2a138570d8a08538ecffc22fb2e
F_Breakage/FB_400.jpg,F_Breakage,val,181801,0ee775ab2f89c9b4dad57ec71ce6c329aa6f96f4080fca9606c0bd837284d9a7
F_Breakage/FB_438.jpg,F_Breakage,val,121528,22aebec48b5af336cf5c072e076b283dd3c54dbbc1bd487209d6847f3b751edd
F_Breakage/FB_441.jpg,F_Breakage,val,141438,49d4c7590ad79df3b12bed6b5f59bc57354e7e7904e29bb20cc0bc1e47bf7e95
F_Breakage/FB_43.jpg,F_Breakage,val,172758,f00d14d9df67910614ae6a82b9fd981bbf51f6c644aef4648eb96d43b459fe4e
F_Breakage/FB_360.jpg,F_Breakage,val,195825,2cc305fa0050254533e36450128f324126c5f36be7fb0fceba7bd13041a4f402
F_Breakage/FB_197.jpg,F_Breakage,val,103377,6cda7aaaa6b47a2b9554aad1a9c81a96c8c035fad21dbf50ec1eb436a0c9d4b1
F_Breakage/FB_129.jpg,F_Breakage,val,184663,3e8d2b0894712590b759713673d7066c94d6bd958fe453036740faa1b12cc9ca
F_Breakage/FB_222.jpg,F_Breakage,val,74967,3dcb532c5959a16a8e62ef2fa0db36d9656dbaaaaedb7f3d58caabbe00bda2ed
F_Breakage/FB_284.jpg,F_Breakage,val,95382,90bdf6565aaf89df9749446861bdc0fbba3c82c58c71d521357cc99571e37f05
F_Breakage/FB_244.jpg,F_Breakage,val,219431,2cea01ba2f053030b13510bc8e815307507e752c84d70fdfc55812f783889a17
F_Breakage/FB_83.jpg,F_Breakage,val,94772,9e456ac8f7adc10b030fd226d5c343903bb9ed1d0ef80764bbac7ac9fa209cd2
F_Breakage/FB_204.jpg,F_Breakage,val,171276,dded2aeacb3916e461dfdd22d00b9f3689d3c92451e8ed6041aeb85f1bcb384a
F_Breakage/FB_124.jpg,F_Breakage,val,153573,1a839077a3289c735299c3a0c6db29fd990a71413b2d4095c9cd337e23105ad1
F_Breakage/FB_249.jpg,F_Breakage,val,359364,cfaa86608fd5c332060207190c65b417cfa1d632229d029cde791cf975a3eb58
F_Breakage/FB_414.jpg,F_Breakage,val,117641,51285e69fa1c3e982e0c00c84c2d3fbe1979e119b1df0748ae4b37dcbbde444a
F_Breakage/FB_7.jpg,F_Breakage,val,92278,e950b28882a9595044d4c224cdd7baa9a03079df79d879db437fa3c0a65eb18d
F_Breakage/FB_356.jpg,F_Breakage,val,158284,2bc0122127f6bbc5607e950c54ab57e4797c205f9d541500e61a68e9b5901812
F_Breakage/FB_416.jpg,F_Breakage,val,166644,6c712b5ec9a2229cafcb7585214c1ef9eaeac89b758b9ddba6b4ad7bb9aef9a9
F_Breakage/FB_99.jpg,F_Breakage,val,163542,e7ba08d1befcb4c5ea620131ddc731315218f8cd7dd910b3e2841a6ea87ad029
F_Breakage/FB_223.jpg,F_Breakage,val,321339,25c2214bfa56f9052d9de30b9d2d20ed6b2475f804987326b2dd562deed4ef48
F_Breakage/FB_66.jpg,F_Breakage,val,70816,a3c354a8b756261b20659b1da1a71437865bc4e6098aafd748a5d8595ab579f7
F_Breakage/FB_311.jpg,F_Breakage,val,123516,e238a2f4127bf5f9e1a85f94c1122ac8685ebe8fa7d0d64b1d3c9a1b64320c0c
F_Breakage/FB_468.jpg,F_Breakage,val,103254,bf5c74417b1d926bb61fe38fb18dd909fd1653e81993db1b515246ac885be948
F_Breakage/FB_94.jpg,F_Breakage,val,134735,2baf6da16acfa05e11405ffc567002138d68f59c1d374de420fbf39ccca606a5
F_Breakage/FB_494.jpg,F_Breakage,val,136057,faf929fc6832b231fd9953cde4688bc90aa773a9ce2aa304738b0b817d02ccde
F_Breakage/FB_345.jpg,F_Breakage,val,145184,f121a730eea10c1a7bfb44bf7d851e5ee1dd8b6b333664985b4b9d29a420cd9f
F_Breakage/FB_178.jpg,F_Breakage,val,122894,c5184576ee2276a989016398218fe4f18bff277e03d83949176c4d9f9c724d53
F_Breakage/FB_47.jpg,F_Breakage,val,143153,688bac6ffd3dc96f9766202170b97a8b1df6da00d96b39035573f9c70106f4c9
F_Breakage/FB_38.jpg,F_Breakage,val,143731,1a0993b95ab72408951e1bc7207509f3181160f946a2b9b1257ac17b1a3190c1
F_Breakage/FB_131.jpg,F_Breakage,test,119340,6aedf202b6ab4b468c04b3b1b31525b77c4d2b629f356375135f2580b996f6bd
F_Breakage/FB_398.jpg,F_Breakage,test,133367,67e1811cdc3180a3bd8695c4318c91c1acc39db1ce5a514d236847011c55505c
F_Breakage/FB_413.jpg,F_Breakage,test,155214,87c614af2a2c857c14bed8ae7de4ecd527e12aa0ce27bc7d9d76a1a8e54d647b
F_Breakage/FB_72.jpg,F_Breakage,test,219834,70d4f8e6c9c1b2018455a6c75358e6ce83ac0b9b46642d672c1901ebcbffcafe
F_Breakage/FB_221.jpg,F_Breakage,test,64743,236e6325c383b38219bf5364b3d1a01436fa1eb69302f1706ef4ce14be15fafe
F_Breakage/FB_408.jpg,F_Breakage,test,211105,6cd9ff06036621f55100c1498a5a1484ad1d693784df69e2a259cfe9560afa78
F_Breakage/FB_196.jpg,F_Breakage,test,57308,e7c087a32c50ea6a77bf503477d88e6c5a9f5c37e442e1d3c5d2ce15c124a41a
F_Breakage/FB_262.jpg,F_Breakage,test,113941,91469ab9f998be58eb374859eae3d259c66bc6c0616e4acac4bc4818825c7207
F_Breakage/FB_27.jpg,F_Breakage,test,177029,f1aa17ee42456b61758dbb9ed180fda491d24e979c97627e5473cd18bc2324b8
F_Breakage/FB_174.jpg,F_Breakage,test,211695,598eb87a210bc4e0f550c52d75831296c5ced463139bb917653d3a7a8f1a26b2
F_Breakage/FB_267.jpg,F_Breakage,test,172576,7637e8e732cb0b0a01f5115f888596807483f5a69650c1f525f2a4997bae1427
F_Breakage/FB_392.jpg,F_Breakage,test,67169,0ef6ec6ba88ddd6799305740632e82ac1674c049c3be22be25e7465e17f921c7
F_Breakage/FB_308.jpg,F_Breakage,test,106468,15ea97b6cf030c78e7157a95160357ec3b0eba213c1536e4fd201b5a7eed5991
F_Breakage/FB_58.jpg,F_Breakage,test,184063,dd6dbc4d143e0f9ddbd8bf1d8a626c4d14bdedff728eb8727f5f102ccb8bb481
F_Breakage/FB_51.jpg,F_Breakage,test,90674,cc85bf10a61ebb010b3e6f3218df0c5f4bf071e1db612dee9d8f79a1e4d1376b
F_Breakage/FB_145.jpg,F_Breakage,test,153550,daf9a19c644e13ec1d11c75f031de87472d805f95ad8e298346461ce47a3afec
F_Breakage/FB_8.jpg,F_Breakage,test,68825,76e0c1cddb60bd2624fdd272204276a46fbb39efda8b8fa332868b0525ebf62a
F_Breakage/FB_5.jpg,F_Breakage,test,82906,bcec8aea55bed4ee9eed90f3ae5f3a9e97fe7bf8680a494dc50175e0df20c0d9
F_Breakage/FB_232.jpg,F_Breakage,test,148199,d69ec0334796125a5ec4520da201db5f054892ec5f35b4773a030177ca2ada23
F_Breakage/FB_455.jpg,F_Breakage,test,93354,d6fdd26d5608e12adec3de9259f21a68d90721640bbad9c7fe682cc8b00c3d41
F_Breakage/FB_203.jpg,F_Breakage,test,83505,1e9b2bd8986cd8f1b1e5fa6cb4ee257418bc5126f8448985d9684009d734a13e
F_Breakage/FB_403.jpg,F_Breakage,test,50860,1008eeed6bcf3fce825a5162a510689670d6c0aa5f01209dc31fe1582a6400f3
F_Breakage/FB_12.jpg,F_Breakage,test,112293,7ae7a0094752e9bdafad11da6b49422226cc5beb2802daf7af3b0ba1b932d735
F_Breakage/FB_130.jpg,F_Breakage,test,154862,f90fe5646a95973503628c8aa92884cddae8221a3da0edb9c032fdec022487e8
F_Breakage/FB_423.jpg,F_Breakage,test,89981,f808479fbc7f1743f7ed0b75bc4d53434943dcec79775f4c4cf2375cbe3a51a7
F_Breakage/FB_188.jpg,F_Breakage,test,147389,0e30839adce18d1cd903a623330cef5de1cb98f18bcb9e95b807651e69ebc4a7
F_Breakage/FB_365.jpg,F_Breakage,test,163034,a1801c66b419ed73cd687361c3b648d7113c2e2affbf1c3e32b14634c4a8f9f5
F_Breakage/FB_266.jpg,F_Breakage,test,167728,c53d7f26acaf147cf1ec0732e86ae868b2fbd962c0f0c0a2e825e235b3c09c57
F_Breakage/FB_384.jpg,F_Breakage,test,129620,c448c7969ac31e6c601b7c0877982cbec984df915935ddd05e48a29b2e23e43e
F_Breakage/FB_389.jpg,F_Breakage,test,188219,69917828b01d1f4ce55414295929af736dae4291ee3dc2f0ea2ffa85ca504fcf
F_Breakage/FB_481.jpg,F_Breakage,test,111284,ba098cefaa71eee0ff52594cb531d346c6c63ad95de0f96e92ffe86abc1a2175
F_Breakage/FB_234.jpg,F_Breakage,test,140759,28f4e93d80b50b8e80d2d2ceb1c00c9c98939ef4ba09733496812ff2533040f3
F_Breakage/FB_353.jpg,F_Breakage,test,185346,28453e3fed6c67a306482f308ca4b909c393bc0b6f3c6c45f211f6276b71e279
F_Breakage/FB_135.jpg,F_Breakage,test,102952,984f99b90ab4de8806145cc3e20d6e0e292948dbbf5dadcac49faa81280b3e06
F_Breakage/FB_273.jpg,F_Breakage,test,252729,f00f80a07f4edc0ce920680697db13115a10f5d3a14f8afcf5460f08c29d4e8f
F_Breakage/FB_156.jpg,F_Breakage,test,126001,89635058cbc5354f08fc17955ec8da4a504fef8a29ac472a4efe71d19647b604
F_Breakage/FB_346.jpg,F_Breakage,test,181576,65d4702c232fe22da34e535b2cb82b7e72960de8ca7387089687f04a43238ddd
F_Breakage/FB_310.jpg,F_Breakage,test,218847,cb0d1c75a59ab032e342950181ec8961c432474f49b12135dcdc05d0feead394
F_Breakage/FB_435.jpg,F_Breakage,test,252134,85843e092d75d1bfd115ef668f047866d4db69ec7d61733a3dae35459a7e01b1
F_Breakage/FB_119.jpg,F_Breakage,test,79698,73f385591b92ff845b82591897bbbadc2d4729dc6f3c5e7ee90094b68b04e2b3
F_Breakage/FB_471.jpg,F_Breakage,test,136149,f02c017522463fbdbee6491523d0dd26d3ce29e2fe0a57a5b45ac1782b1be157
F_Breakage/FB_220.jpg,F_Breakage,test,126492,df99df77854c81676aaa6e016f230badfeb7c298c367b9e27207b5e789b614fb
F_Breakage/FB_378.jpg,F_Breakage,test,155462,fea988ce30a85c6f7dad7e181feb6a6ecdedc1db2beaf5609672bd02e9f024d7
F_Breakage/FB_258.jpg,F_Breakage,test,125271,3f6d885d356f0b51d169f2ab87b58b3e8357bbaee3a0f5f979f7fd192dc90c80
F_Breakage/FB_49.jpg,F_Breakage,test,148223,474c33e6690a4b3b475f38f6db1a00ecdefde139c736e480a503cb354099bca5
F_Breakage/FB_264.jpg,F_Breakage,test,135661,0a9642c1645f303256e671b45d94a391a42d3e78b43d86f1defcbbf6ec5a0be5
F_Breakage/FB_143.jpg,F_Breakage,test,200823,452da24664c907552f4a6458cf61500ed1ec0738c10e7b59c99ea543aad1ad82
F_Breakage/FB_274.jpg,F_Breakage,test,96340,f6b5f076016a276d936c5e0bbe3ed5954e6d89a1b4c0093a0d9e06d1f7d5af95
F_Breakage/FB_81.jpg,F_Breakage,test,90279,245d60567c781bd8301b0098e22e29cd599855e78f518d3a9cf3f13a619f8943
F_Breakage/FB_90.jpg,F_Breakage,test,184039,b9032dc06fbf059582870fc5987b03fa3d2fa31c103f1018d33a4c7ad2c00a59
F_Breakage/FB_254.jpg,F_Breakage,test,149777,00fcd6477a9e0957f7a05b415e6bf2cc4c44c85f60f4663095fc8bddff86f125
F_Breakage/FB_450.jpg,F_Breakage,test,152571,5ef0d02c6a2b3e60473635d0a5210c3653c25c83158bd9b2fd9f1685d5f662de
F_Breakage/FB_199.jpg,F_Breakage,test,50728,7f3c7ca72aa30d1f64ab74249ff6f02d143ed8b4b8362400420344705dfc5b98
F_Breakage/FB_170.jpg,F_Breakage,test,247859,3f240d8c6e186656ba6e1a95db0e8e1f897440ff8e9090cbcf6174856e623df4
F_Breakage/FB_67.jpg,F_Breakage,test,93082,d5d90b1f3a4068f4dece17a3324c0a6ea8fb395157bfc6b04189f07a2d4c38e5
F_Breakage/FB_256.jpg,F_Breakage,test,393565,bae86060d9196a94d064c613fec2ff451f67d6b03251a36850acd50312c604a9
F_Breakage/FB_84.jpg,F_Breakage,test,56272,620121df63e2c6fee8c104fe5612b394d54056dec2f87cfa838468b626b72e8d
F_Breakage/FB_420.jpg,F_Breakage,test,233296,d7ccd65e14bf7a3d47f179d9bf5c646c3257ae33052169d77dff88b5b768ad9a
F_Breakage/FB_172.jpg,F_Breakage,test,84726,aa4b1f32c28e1a379a83c977855438c5f294c775d34c73a845012fac91f4d73e
F_Breakage/FB_470.jpg,F_Breakage,test,173672,ad1f3ef303b58935c0abdfb9110780c075494ef778c1f2adb5abaa634db57bfc
F_Breakage/FB_449.jpg,F_Breakage,test,152753,a12488eade2a729ed9214e8df38c1917326f36e6fb95c5004415db3849212bea
F_Breakage/FB_101.jpg,F_Breakage,test,190224,3044fd989047dc90afbbfe148651b6ddafd8d2e068237742a90cf4a55f6837c0
F_Breakage/FB_50.jpg,F_Breakage,test,124344,63437b96bf1c5f0d931e34ce5d12f02b15f3da3e8d5926bb730f45f1deefdd97
F_Breakage/FB_472.jpg,F_Breakage,test,93620,58866056c63cc72f7406b78531a41010c5fef1561b93c7eaa8fe325b14111852
F_Breakage/FB_227.jpg,F_Breakage,test,149080,8214f0d67e701f341877e53a47ba617eac0749f0d9e6da96be0e8fd3653adf3b
F_Breakage/FB_370.jpg,F_Breakage,test,147677,0d4eafebb6de653025bfe2297823cbb98f319e437881e9926cb58a523e125653
F_Breakage/FB_305.jpg,F_Breakage,test,134014,2c5b5eac3f2eea0b41c6a12d5b4377e1be7c882de0a5157ff92a413223e36ba5
F_Breakage/FB_20.jpg,F_Breakage,test,98230,da478165695e70c884b13a2802fdc4bf90adbb29720a35d8c41ccba89cbb12e2
F_Breakage/FB_292.jpg,F_Breakage,test,187724,27af55a52d3f6ea252afbb58a3868557bb721b8128be111eff7789848b13f626
F_Breakage/FB_87.jpg,F_Breakage,test,232396,c7e96b5b6e31a3747d0e316ea03d7a37c4e9307f84c33ca3107b732b5fe690d5
F_Breakage/FB_422.jpg,F_Breakage,test,50902,4c883f542acef66c4a7bccd5c23228e0414d295946d62249a761bff05e98b4b7
F_Breakage/FB_399.jpg,F_Breakage,test,196357,09f6e2c11949da499e50a087363fff6249a1d388d6a00cd8f31cc6ea95f4aa6f
F_Breakage/FB_429.jpg,F_Breakage,test,64566,17ab889c65751563cd3c66a3c3d13692deae52de6f175f78455651aaf842260a
F_Breakage/FB_190.jpg,F_Breakage,test,76806,0293484b02456240bcd136bbf22e3364e63a1e5b7451845184ea7cad827bff16
F_Breakage/FB_358.jpg,F_Breakage,test,387296,cbba6bfa8d6cadd3ffc4167c5b8b152a4867ec38a973ee21d571112582700725
F_Breakage/FB_110.jpg,F_Breakage,test,38175,8a2eaa9f6eba00215f786abd5d5d6255afc663771e476fbcecaa6646ee570137
F_Breakage/FB_377.jpg,F_Breakage,test,152712,3a320a3bb963cedd5a24d3446305076d5959c6e997adc06da7523a96005546d1
F_Breakage/FB_331.jpg,F_Breakage,test,127178,36bf8a61523662dce9d296290608d201bc8d2d85276ad23b1f28e56dd3ccfb4f
F_Breakage/FB_206.jpg,F_Breakage,test,115555,100939ff4e50fdbf5dcfa0c1a408505302c1055c47728a6818b6deb08ed9c93e
F_Breakage/FB_2.jpg,F_Breakage,test,68105,ac262248fbb8011e6149cfb982b3e790334796ba6d2c7a7e0a25ffebc39d9091
F_Breakage/FB_141.jpg,F_Breakage,test,51728,88c10c2d574e18f9358efbd772e1f5f61e6dd42d61e66d1d022383734f389376
F_Breakage/FB_112.jpg,F_Breakage,test,126659,c4d2306059330e62b5ad6008f56dec11c2f08e65d6991831b5cc691b3aab8d02
F_Breakage/FB_113.jpg,F_Breakage,test,137308,d44c5fe128023beb66e15048e7abcb771d6b745135176d6c60cc04537e91a70b
F_Breakage/FB_294.jpg,F_Breakage,test,220579,cbb6075b10ec2b0451f6315a2c3f0fd2fcf3da170532f226d0c25d6c9027baf3
F_Breakage/FB_371.jpg,F_Breakage,test,49571,9d384ba39e57f100186a4efa7d60e418cbd202d4d2b24025bdfb3547794d0627
F_Breakage/FB_139.jpg,F_Breakage,test,105163,1aaabb4893990a01dc66c95b046329b06e9a06d1ca7574d21e5ff506498225cf
F_Breakage/FB_350.jpg,F_Breakage,test,168299,e707240658179212b8aa480665d88d9366bbc4a3469abd4dc41453f4924c0f3a
F_Breakage/FB_6.jpg,F_Breakage,test,82438,9aa063795262416d3c23539302fba75eb65f38ea68381174d25c7383e670ec94
F_Breakage/FB_96.jpg,F_Breakage,test,152118,a911d44b44785bbc8e9dc7a973ed2945830c34d5d81618a40e70a5236814543f
F_Breakage/FB_410.jpg,F_Breakage,test,122337,59595bdad5b257c5a9990ea5c8f380edcabacf99855d1287e5352537b39c1ba5
F_Breakage/FB_146.jpg,F_Breakage,test,139409,24640d819f653dc24a947271716f6bd9a250ec82818456e7063b540de5b1212d
F_Breakage/FB_439.jpg,F_Breakage,test,236792,32e4497e2cbf4f4419413f55a73c2bddb0ee15c69ffe7813e060dfac0a6f8afc
F_Breakage/FB_163.jpg,F_Breakage,test,203622,0f95d9a3a44486d2e3e5e27a8732499880fb2d74121117ec951775de792d9c42
F_Breakage/FB_201.jpg,F_Breakage,test,174331,790859e8721d337148580c8f28c218e3d259755cad5251f103a8cf40c387c5e0
F_Breakage/FB_211.jpg,F_Breakage,test,231486,e74e0668abc41ea786412b3fcfc66ca777d4195dd9f37403f82e86e2368eb420
F_Breakage/FB_225.jpg,F_Breakage,test,98472,6b655d99a754dc03d83241cfa3f5c03ccc942bec4774e88472d827bea550ad2b
F_Breakage/FB_440.jpg,F_Breakage,test,118756,4aa78cd89b6fea855eea7d414374be823ef368df049f00a388f5ea587dfc0b54
F_Breakage/FB_11.jpg,F_Breakage,test,252588,e1a3195f5a1d28b98b71d522df55e2608c05a31203023fba6fcffafa4efe372e
F_Breakage/FB_150.jpg,F_Breakage,test,202540,dfcc998eb231ca0f386bc07e9ee1989b9d132c991f9595f6d40546bb227b58b0
F_Breakage/FB_394.jpg,F_Breakage,test,96424,f273b7bba5de29436a966ad1e39b92355f57fe622ac11403c8aa4eb7c0696145
R_Normal/RN_195.jpg,R_Normal,train,205246,7462157320fd5a2d656b355a383b6772752e93aa4a05b3507e1422685a44ea5b
R_Normal/RN_44.jpg,R_Normal,train,136801,205cb849ed98e26ce650820069c3bfbb5a72ec6e26c5a9a2f56a70daf417d5df
R_Normal/RN_132.jpg,R_Normal,train,204051,b32624e2d55fe28dc4b75e7f1b80703b2339db684b7a5423ff15524c12bd01ca
R_Normal/RN_18.jpg,R_Normal,train,291444,f249ce5a8f828ddb9967fbd118f797d32f10323d281c887811d86be2b330538a
R_Normal/RN_128.jpg,R_Normal,train,160481,0427da81e88948c6c62ab5e9237231e9c1b097b146a5600115f7573830d97b1e
R_Normal/RN_54.jpg,R_Normal,train,153303,04542139ed31c83db433c5233d083e03c4b48674a254d25ed30998302977f66c
R_Normal/RN_272.jpg,R_Normal,train,163742,af5bb497e8e95ba57b64a4b75e55fbc6724bab57dcef6217a22b2069a9dfa5dd
R_Normal/RN_207.jpg,R_Normal,train,145842,20871733975e6ebb96b074bbf0eb0dff465a72a7c41560c235ddf0b6f14d6a96
R_Normal/RN_116.jpg,R_Normal,train,145222,157af1beed12ae34ebb125ac024fc7321386b95e57a038a791fbac70c753fed7
R_Normal/RN_31.jpg,R_Normal,train,177972,41880f57b42471d90665e216aba483260fc8dc89c853591205ef72e172eb5ca1
R_Normal/RN_120.jpg,R_Normal,train,104049,c41c268ed9f9559d581c9119979f1f7694af690a106b1def61fdb534328ec969
R_Normal/RN_95.jpg,R_Normal,train,99567,3fccd0514bae0b19a37b9eef9faf38bcb63d4368ab1ae02b341f1e8037d7ae85
R_Normal/RN_192.jpg,R_Normal,train,168130,f02799dfb8a2f3eb6489b98e81dad48c165c4840d7590c451e21cf671bcde382
R_Normal/RN_298.jpg,R_Normal,train,111703,7081cfcd41ec16a8d319d82fb495e00f6250d9d87292705c1a48b541daa6e506
R_Normal/RN_284.jpg,R_Normal,train,140233,4b39b2bff98c7a943a52533e81e97815cf021ce1a8b48056017dffdb1d92dd3a
R_Normal/RN_97.jpg,R_Normal,train,145026,0af8e32e8568094dba704a8c6ffb2b829cd6b13bc9446ff5a6aa2ca25193e04f
R_Normal/RN_91.jpg,R_Normal,train,79522,7341ef3abecb65e5db77427c99198a06ae9df93fa4a05be77340379623bfb0a5
R_Normal/RN_133.jpg,R_Normal,train,253007,67444161d6ea2074608c09f326baadce1ba1767c250b52ad18bfc606be47d7a3
R_Normal/RN_241.jpg,R_Normal,train,198696,bf925bc79ef8699b19fc76e7f217361c4a79d298b6bce45cffdc40af6a5245ae
R_Normal/RN_255.jpg,R_Normal,train,195325,84ed342872915ee12cb6d5a8b122c89274a884e27bb34e0034c9222bf50075f5
R_Normal/RN_5.jpg,R_Normal,train,107617,ae1ae909e42fe528b28beabfc073d3fb8244e9a24c1bac54a2893f1f6c4a9108
R_Normal/RN_10.jpg,R_Normal,train,122009,6493aecaf0726d8fac35d45dd9684a0d704928ad29afbb70c1c3b3dd983e9d76
R_Normal/RN_300.jpg,R_Normal,train,225034,a6111128116d601a101822860881605ef9fbc5fee701f1c604e8869ce3d4980a
R_Normal/RN_55.jpg,R_Normal,train,124015,85165edd1529b8d284a77da703eb1f6d9a653b18e1fe288855aaf0a5ce86a8c4
R_Normal/RN_229.jpg,R_Normal,train,204429,1ab5858f8390dd1fed46f2ca6bc4adabafcdb914c91a4a5bc9174e28ca8fbf4a
R_Normal/RN_219.jpg,R_Normal,train,183652,ee81a7217246404e2cdddd97083ae3e68381771ab85d2223e51d4d0e83967cf0
R_Normal/RN_50.jpg,R_Normal,train,163590,d75ca34e3423d96cee62ae15511c88793ed5711c692b1063da461be77e5492fb
R_Normal/RN_285.jpg,R_Normal,train,224417,97f324478c79898f9a3ceecb5e7abb345d9257d14d190ddb26a39672b9876fe5
R_Normal/RN_177.jpg,R_Normal,train,360432,3d3a7d17fb06d40330480d0c676fe338477798d1b7d7d3ba8be815b9f234cfef
R_Normal/RN_103.jpg,R_Normal,train,81129,41b91869d587addf5a961d96bf6d5cf82978b2e0dfb269b2d2909e312007948f
R_Normal/RN_84.jpg,R_Normal,train,183332,51c913ac0f92a1048fe5135869db2f5e51ef8e2c94ec09e3c498f2ca8d4fb7dd
R_Normal/RN_21.jpg,R_Normal,train,218906,21651db9593d832546f6b1242a849db8d76551d9b863fd45ccce15c351a06b19
R_Normal/RN_270.jpg,R_Normal,train,157593,6f9f8534419b21020210cd0256983a0fd92dfc024122e4e812ad2bedba4196a1
R_Normal/RN_13.jpg,R_Normal,train,129519,aaca2cbe9cd97c9256c5f8f5c0b5c63b82372eb28e45b35d1c99e5fbd38e853d
R_Normal/RN_37.jpg,R_Normal,train,150980,64ce4b1415f140cb1ffc3d1753f1b49652eae37a24ec4d647607cf25187cab90
R_Normal/RN_262.jpg,R_Normal,train,145002,3a9c146db3f25b69a56ac49adfb478333fae3582d8c7af6e3b7a5ff04f387de1
R_Normal/RN_56.jpg,R_Normal,train,191351,23a6d660df9f091c5e68b0b6a9f446585376578c6a5cf1929c270025569800e0
R_Normal/RN_196.jpg,R_Normal,train,211121,738589c573f38bf698981567b94c9ff1e3ec0c0f68d66fb6e787ed4ae6847066
R_Normal/RN_202.jpg,R_Normal,train,183824,4869f815abed9502664491f9ed7bb0fed64b515844c89b563721799d15d244a3
R_Normal/RN_142.jpg,R_Normal,train,120509,43c3310540fca8d17a86985320ede9e3239fce7f78b843a377f4c4c214166fb8
R_Normal/RN_57.jpg,R_Normal,train,238272,60af1c20a597f3cd0cd53f659aff13e361b736c654bd409e4952996142ca0d86
R_Normal/RN_47.jpg,R_Normal,train,99271,f051f99613f6c2a35c0d45510d1777cd18818c619af5a31434086331bbf4cb6d
R_Normal/RN_78.jpg,R_Normal,train,137905,7bca8f80c33deacb301474d93bfad23b2add1bc5b54c175f21fb41fa361dd4fd
R_Normal/RN_165.jpg,R_Normal,train,136212,d0913be64298c05a065cca310f17d25e8acc1cb71b7884c81c1b76114e62c11a
R_Normal/RN_70.jpg,R_Normal,train,129412,54e3febd5aacd1f284cefd88af958ce92c44c32eb8d2ab8b05a64e62eafbf5a1
R_Normal/RN_19.jpg,R_Normal,train,110321,102bb661c5afacd5b03c7c0ee3c0eed1b12fd8b3767c823b91a628d8f87b7e61
R_Normal/RN_64.jpg,R_Normal,train,162361,a448217b251ff3ea170ff07048e71091ca6f9c67997149994fcacec9dad6965f
R_Normal/RN_242.jpg,R_Normal,train,168509,2d5ac98f5904e0e0983144de114284c61002b4c229b7f7fbacb287f1a348bb67
R_Normal/RN_287.jpg,R_Normal,train,286273,981a1b1bc163a9a8dac986fb18369a9d18792f0233254de446bd6840cd619144
R_Normal/RN_149.jpg,R_Normal,train,156492,40f3e9dcac0d6d7f9f6b9d5c752706de365b3bbf78ed3d43925db3a40a88b715
R_Normal/RN_104.jpg,R_Normal,train,108144,32827207235f836f9fb6d7b05a9eab66bb084249ad5f35b83f27ebdd891649a3
R_Normal/RN_71.jpg,R_Normal,train,115845,5d1fa7170df0606d99b2c2bc009affa2feda0b693dd8befb98b234b7a57c4153
R_Normal/RN_122.jpg,R_Normal,train,155474,a43eaf4fe1373a28a529b02ade09c637fef719d343eb2e0071b0eb4f6f5810df
R_Normal/RN_39.jpg,R_Normal,train,139619,6a4bbabf586f7ae52f3189f10907d6145a2627b32840abf1243fb2034aa1bd08
R_Normal/RN_200.jpg,R_Normal,train,125727,798580e6cfaa8c5b875858e541cc771bdb4c6c2d2841db19a8ce738f0ac92bd0
R_Normal/RN_224.jpg,R_Normal,train,253972,f2da141760ca1c2dc9ec9a349abf75bb7ae1f6f4a21bc3954127df34734a699e
R_Normal/RN_237.jpg,R_Normal,train,238996,64d37c3583dc33ee37ff69bd578a83b021550627c3b13bad93fe299116cccdb4
R_Normal/RN_194.jpg,R_Normal,train,236173,94611bb722f950abcd9f40459fec0f614ad9089c69795b4d7238d97998df3b12
R_Normal/RN_85.jpg,R_Normal,train,153829,600d9e8985d2edd748b7b3df8dcd87eeca902dad72d82739ea69bb6441a3e131
R_Normal/RN_27.jpg,R_Normal,train,178340,89249188466b462a6dfd65f919834acbf918ff418d8fa49b27d1b4804b111053
R_Normal/RN_38.jpg,R_Normal,train,156648,a1616dc08b0f3ac044168917f4be7e1d4419f78dff0445748b09c50d47a68876
R_Normal/RN_48.jpg,R_Normal,train,95505,a0a4f4013c48a0259c793747b9079c7ccb01d1e060a942e5d223d0845c2de067
R_Normal/RN_140.jpg,R_Normal,train,260937,568d8ef695351a2f990b65e99cc7c9f0fdaafc699fd63c9768ce2e666f5577b2
R_Normal/RN_6.jpg,R_Normal,train,141839,415e7dbdab512c02c1dd3b5b2494239d4b5cc249b945e3381604996f2d28b0e9
R_Normal/RN_34.jpg,R_Normal,train,153008,3461c8cc87219e867f287b9325bb78a49cfa470169f85372bcedfaa2b2da9cf7
R_Normal/RN_295.jpg,R_Normal,train,218723,1b393eb10f1654c3da260f1f840101f947d433c0265cf3447d194cdd0f7a0f5e
R_Normal/RN_41.jpg,R_Normal,train,83845,e76a98c86c5d77aa372503bab23cfb9c04a2589884c7125a931ec15971a50182
R_Normal/RN_218.jpg,R_Normal,train,177531,63b95d2e3d329b1f4eedc6b6551cda4ca73e8a57caf95e9a2a8f6da768a2cd3f
R_Normal/RN_158.jpg,R_Normal,train,486703,a6d56b94b8d30daab3c7fc880cfcb24eab32412c5d4a780b551bbc099381b137
R_Normal/RN_286.jpg,R_Normal,train,242947,377def5588197922589da53766c8c35462a49e876e721e9410d39755363f674d
R_Normal/RN_137.jpg,R_Normal,train,87005,237f90c3009de884f0f0c575a2e9ce5cd0b22c35d02d127bd8179981bbc5d430
R_Normal/RN_217.jpg,R_Normal,train,107284,20ae9f4249810c9795577a6502df72b7bd636f4bac75ad4bbec8389e40b82531
R_Normal/RN_72.jpg,R_Normal,train,108183,da8f83d9e7c6c07ba9dcfed4a1852744023ea8c02a8b79b074209b290ca2dd65
R_Normal/RN_73.jpg,R_Normal,train,94303,ec387bba6d9baca310f36b69471e125271763c59b38e4eabf75cf33bc3eae676
R_Normal/RN_33.jpg,R_Normal,train,204674,b5680f829bee30a06bce9bd2ed8dc7befcff4e26b842922a76e58e958c4eef35
R_Normal/RN_107.jpg,R_Normal,train,147572,cc1eb52e16c155744b1b9b72dd9354312b1d603ad6949b0a887a9af30aecef03
R_Normal/RN_22.jpg,R_Normal,train,319431,3da4baf76d0a1322ee84ccd542f5597450cba7d1a10524e9eaec51cbf655b1bf
R_Normal/RN_189.jpg,R_Normal,train,246155,89fdd8a7326135a91822f7accb0d435d582f04b84f6d3c03f4894f4d6ee8a63a
R_Normal/RN_77.jpg,R_Normal,train,126979,d045d1fea91688058ff890adf7405f8583e6d6fe18276d1826398970c038e789
R_Normal/RN_24.jpg,R_Normal,train,215571,33e58666d878a3e9e115f2ce4f218f4580eb67fa4352f96dad940eea5b284758
R_Normal/RN_69.jpg,R_Normal,train,124629,cb1d86f3ec038ff437f4cf657b8c2c075d54bfe03188abf7fe411b20c48ee6b6
R_Normal/RN_235.jpg,R_Normal,train,188874,0c3cab20d0ea7fbfa49bf7fc600b742ab27de6059afec1cff8519297160ea572
R_Normal/RN_240.jpg,R_Normal,train,209108,877e98261bec8fd5df027ff74ad9c6566961906bfb1a8123cfac5f1b3c2084b5
R_Normal/RN_3.jpg,R_Normal,train,83064,19a82cd417f01cec30fef252452e35d73054cb8c266bbc9992a86222eec2ab55
R_Normal/RN_232.jpg,R_Normal,train,179340,ace13ff43238eca7db535199ae546aa007237a9178eb207da2d0dbcb56cf88e9
R_Normal/RN_289.jpg,R_Normal,train,127873,a8d5bf2a8265c71f20f5920f8c03debe441f3ef039c4e02b4ec624e847f4cf8d
R_Normal/RN_127.jpg,R_Normal,train,181969,8bde2d2687e77e7b32cd99c55acd68f12a9e63818055a3d9304b9cf5a735fc91
R_Normal/RN_89.jpg,R_Normal,train,78038,4386fc75d05f5f0cbd126905b4bf8ab8974c9b282620373035388373b6cb379e
R_Normal/RN_99.jpg,R_Normal,train,103753,68e7a6067ea9a71a7a7dd9706caeec413bf2dca50a1e73b372880efadb8834fa
R_Normal/RN_159.jpg,R_Normal,train,124939,4b3b4d71388a98e865f50ec3069c7fe9217b40ca8fb791fc81b0b463a7a186d7
R_Normal/RN_259.jpg,R_Normal,train,212319,df8df5e3d8b99d11371b03f5474c1127a267866c94a56c3b6e9dff8dfcdf680c
R_Normal/RN_7.jpg,R_Normal,train,166151,864f7e8883cd15032d62fb31fcc416a7bbd9dd59ead11cdcb811824665932409
R_Normal/RN_288.jpg,R_Normal,train,231233,1906c5e40dfcb627c86feef601a8d6562bd81af08137272da88845de6616b179
R_Normal/RN_176.jpg,R_Normal,train,110988,e305667fc21e55d00a6c7a9689e04d6ee3582afbcfd873403d6cafd74ac554bf
R_Normal/RN_145.jpg,R_Normal,train,277635,4ec72b58ebdce918c665dfa64f7cd6301a74d3cdb73a5e03c3785e52235742f1
R_Normal/RN_223.jpg,R_Normal,train,192584,73cc5a3e1a5de238014265b3c895bc5d4984f4c201204573dbce7c89e745b37d
R_Normal/RN_181.jpg,R_Normal,train,257708,dc48049cde705b7bb2194265a65d0ff72d61359cba4c09d32659666342810030
R_Normal/RN_46.jpg,R_Normal,train,119741,092a74126060a11d57bb39e3b92c99a06236540d60d5212e6b9387d43f2e4cc3
R_Normal/RN_179.jpg,R_Normal,train,221357,866d527f97a979249b2ef204edd67676e784b1529c6abeb3fd2a9b762b4d0763
R_Normal/RN_244.jpg,R_Normal,train,113659,35df2d20cb93b3879ffcaca622e137b5599e7493e4096bc0ba6f5211d7384625
R_Normal/RN_186.jpg,R_Normal,train,177833,b36d294194da8a0978ff8caf00467c8057e555107ff292b81c468dec8b0f7600
R_Normal/RN_293.jpg,R_Normal,train,192472,cd9d2afc43c892aca28496a359ab04ee09a3536fdfc92e3f2d5a6dee8cfc1252
R_Normal/RN_290.jpg,R_Normal,train,184207,630eaeddf55581035fb985fa4d755d4276b40c5bc50eff7ef323299cee93f014
R_Normal/RN_275.jpg,R_Normal,train,213876,2f205b78b3ac16447859edc8aef78d334511f39e83a1d59d0b9834c38f8c9085
R_Normal/RN_169.jpg,R_Normal,train,97978,0a63e8d5f42654db013aacfaed0ef4577ae937a621b9e761a144543a5b1cae5c
R_Normal/RN_230.jpg,R_Normal,train,134405,92adfc35981fdd5bb6d3a6f35f75908369ac3491788aa23916c7f41886a20d88
R_Normal/RN_129.jpg,R_Normal,train,73707,c4ef09e08bf1cc66bd479d21b1e0acbe383f1bebe70c15bbd35b46a796e55e83
R_Normal/RN_118.jpg,R_Normal,train,116757,dc0b76b4f5fc95c656a9038c256b0c7f7033957c7fd5ee6db4ecabb81a755c70
R_Normal/RN_162.jpg,R_Normal,train,182400,10d5311976ffbad24ee2b32ec1a473feb2e45888631ef5fa2856027a302ea30f
R_Normal/RN_153.jpg,R_Normal,train,117809,00d70c1efae46ebf97b9d6b868b499bf70cffb8de4696d5e5d490b97b8b06c8f
R_Normal/RN_175.jpg,R_Normal,train,112267,e57de1549a7270af4a748864b0a933e646103a52e5aee81f0d5d0348c3e379fd
R_Normal/RN_210.jpg,R_Normal,train,103270,e831f24f193911fb9f0e10d1ee1f037fc4bc16b006268229e9e718c7986439dd
R_Normal/RN_32.jpg,R_Normal,train,196052,3e073858f264a2ec0bffbe21f81f47d840468e2168725a4293d9df6d3e5e8bbe
R_Normal/RN_271.jpg,R_Normal,train,177722,c954a7bc283a613729fcd5daf7df6c97ed2ed2f799b53b0a798a5a57c03527b2
R_Normal/RN_238.jpg,R_Normal,train,181217,a0534cecec01f35bc164eb24add2035154f16e7571cf96d4ba52b3214268a683
R_Normal/RN_81.jpg,R_Normal,train,236314,b3ab9ea884ba409b8eaced83070677ee2aa5dec88cbaa465e886c4b8ee211e60
R_Normal/RN_283.jpg,R_Normal,train,187095,b736d477ba5397f9c2062631f91bfcdadfdfc92cda044e257958e538e54d9da5
R_Normal/RN_193.jpg,R_Normal,train,162517,293b48249b15622e50f0efda6a73231b935b959e809271e32f639fdc63a75344
R_Normal/RN_297.jpg,R_Normal,train,154399,da7ca4b40bd0b46f27d37829f73265060b431d95a2c39a1ff5ceeb2f20ec145a
R_Normal/RN_63.jpg,R_Normal,train,188243,f4684463d343fff263ab7b3032e3c296e581dbd27c11349ddbe47ac6f8be753b
R_Normal/RN_209.jpg,R_Normal,train,121056,849f6e187c3d63caba070b894500ca1b0a0301a1770c9f9c9d31f62fa849c0d8
R_Normal/RN_108.jpg,R_Normal,train,130943,e6bf6938868c6f86c7b976c9d3ffebc3c8aa87226f02682031c119b5970ec662
R_Normal/RN_208.jpg,R_Normal,train,200981,a2507267213c86236ed19d7b076f835f34f4608f38fce5473f23824b85f20a4f
R_Normal/RN_164.jpg,R_Normal,train,116971,b8a94a36ac2f8a43f99513b051fd182c7fd748d19c9e80ef3dc39d60760d7dda
R_Normal/RN_82.jpg,R_Normal,train,192155,ef5ca8fb9f080fe73ca7279e3c9dc586530020798a112348d29dbfaf205e4dc3
R_Normal/RN_126.jpg,R_Normal,train,214057,a2dc32f21442911fda8c884122f75bededa35278a944e504d7afa07b1ee4c7a4
R_Normal/RN_105.jpg,R_Normal,train,100114,675fc7eec860e406ce8933dc7ff02a3a34e2a32ee530b68307dae6e6617f1afe
R_Normal/RN_154.jpg,R_Normal,train,170359,8e22faa9f795cd5e55f6798073d2c87db498db3a5aa550684c9951e9a73464f4
R_Normal/RN_17.jpg,R_Normal,train,244852,9a25e27d5ff033c6580fb031e16df51d08895adeb9d30b3f989334710f3822f8
R_Normal/RN_26.jpg,R_Normal,train,145182,1cebe4fac7e354af9e2f942f8144a57c6949c1d062f9d715209be03288c36104
R_Normal/RN_30.jpg,R_Normal,train,87568,348d2181f7885a64ef445770d649c02f6c6db4ffee4d9f4e3fc6f8d5ee2f292c
R_Normal/RN_102.jpg,R_Normal,train,113867,87f5539112afa576d13b4fa7108ea5aed20e2cc405c2ce115f44a794a7371d50
R_Normal/RN_96.jpg,R_Normal,train,153645,b94fcf84698b6cab7063e66afd0ffd52e1a5ef2258f3142275805d38cacd2364
R_Normal/RN_173.jpg,R_Normal,train,209701,869c032704f10ba3f4ed7ac5409f910ceaac405a9b3a1c795ad1c8897581d91f
R_Normal/RN_58.jpg,R_Normal,train,159282,9b52f799cde74a8e9ee7bbef935350304e3334bb33574b29aa7b5c38811d8c4d
R_Normal/RN_53.jpg,R_Normal,train,142368,de976352e1496d9ec6b926dc5f30494d99cf54d60ffb0a10d3c26003d6f29227
R_Normal/RN_49.jpg,R_Normal,train,218693,e0492d90ccb635c04eb1c1dae2edf36a704d1b17d5811e095d22a96c7b92bf2d
R_Normal/RN_185.jpg,R_Normal,train,339337,74da939648921e53a5a29efeee0fae7111a51caf0c5d41aa4a1a405ad3e74824
R_Normal/RN_252.jpg,R_Normal,train,135606,63b65c2f2c3bdd17ed02e00eb6c3a2a2f3feccf0b02b74e3cec0fef23f63d1ad
R_Normal/RN_144.jpg,R_Normal,train,172472,550d000c12c55a033f91e8cbf3c08171aed08a4d16f113e71f8f3ed9a6efeef1
R_Normal/RN_59.jpg,R_Normal,train,110141,5b21a932e4d1ab843dc21952815b1c0188a4fca8fd2e0dd8a7c8abcca4603d7c
R_Normal/RN_168.jpg,R_Normal,train,135036,6725c3f4b1c0cf302e8677b17bf3a79e76ec60e5ff6d97aa5e02f47000772294
R_Normal/RN_123.jpg,R_Normal,train,179702,47849c77bea829943c6d2e4e0a7f32097abb246f77f801627a9a681c3acc0a63
R_Normal/RN_215.jpg,R_Normal,train,182100,768d6ac1838da33dd85d7c40e69d196a379fba529df1f76ace6f83ef1025e4a7
R_Normal/RN_14.jpg,R_Normal,train,116824,8e77c8960a7423bc18a321726c4f82b31552a351f86d0713f969fd57e4b53dcc
R_Normal/RN_214.jpg,R_Normal,train,143718,528b9ee460df827af02045ee9583c439bb96e8f32ff1451386984548144962be
R_Normal/RN_51.jpg,R_Normal,train,81426,c18da2bdb7e9e86cbb0cf30d8e6c7d4a9b9e8aee6ca17f446f5435f653790096
R_Normal/RN_1.jpg,R_Normal,train,166151,864f7e8883cd15032d62fb31fcc416a7bbd9dd59ead11cdcb811824665932409
R_Normal/RN_43.jpg,R_Normal,train,117112,33cd1f385d8e0b6a335e6564e2442bf78b62baf66f304d4974d67a22a15c701c
R_Normal/RN_250.jpg,R_Normal,train,217534,6cd03ae4e65ee985043417f33e95716a362e6b6be63b9ff478f4cfdeff2ce9ab
R_Normal/RN_87.jpg,R_Normal,train,96500,8364c8fbddcba9a93e712606ff1922ae28a7c69ead8df5f76080caf09c22eedc
R_Normal/RN_167.jpg,R_Normal,train,196721,293208d0ae948f9422e140150e4eae0f0c3e1bf98ba5a2e6e3fcd9c47ba65ca3
R_Normal/RN_36.jpg,R_Normal,train,167834,b24f89ee72986c3f72c5fe555da49da8bbe36bdd608f00f70a5100edda8b0a4f
R_Normal/RN_178.jpg,R_Normal,train,252474,9eaa03a5ab82a5cb8cba5fc3cc537321b308ca83d617355076877ded03c7c4f8
R_Normal/RN_280.jpg,R_Normal,train,182407,86e3042c3e35cf2575a2ff76ab2975e8acc07018e886a84a952e4cc0aa31ae18
R_Normal/RN_265.jpg,R_Normal,train,178451,487f1762224cb4aeda7e149d35aa39edb8e6c91ab70c6a708e68b4c1f949cb55
R_Normal/RN_125.jpg,R_Normal,train,139709,343561f1e175595c958e37005a243a107e2b195323a05b8ba0f859f0766dd43d
R_Normal/RN_100.jpg,R_Normal,train,319760,20ceccaa81ac45d738d835e9945d6e427a0b47018711ec71e32814b484f85e96
R_Normal/RN_226.jpg,R_Normal,train,108659,41a38ac73352b1a463c1f0f6ea155d8d104de6eab4d2f6d17fa95500a0042aca
R_Normal/RN_157.jpg,R_Normal,train,172452,f9169ce3a92e0dfb7d4319b7ecadcf35a882dfd453920af6e788dc2d9d61132b
R_Normal/RN_65.jpg,R_Normal,train,174634,775b2c700f6b5b408509f1780ab391b83c4206e0cda5e676c2010e2bf5090fcd
R_Normal/RN_86.jpg,R_Normal,train,107593,dce9d7a4423c80da91695a809c2d0170a91fa031c83504c1b199f2f40bb229de
R_Normal/RN_249.jpg,R_Normal,train,132782,5d26cd0b410a8f4815859939f67a221d4f611605a8eb729cf41905db1c874cf0
R_Normal/RN_76.jpg,R_Normal,train,185013,4a86d1427e7f1e60fae3ce4fcb8640c64ad7775ef274d9fbb6fbe2735f95beb3
R_Normal/RN_188.jpg,R_Normal,train,168999,b0ff40b3a4f0f57629668c990f9632673d721f64b1734d2e28ffcadf0402c084
R_Normal/RN_28.jpg,R_Normal,train,152953,71fc38ce4ff9e9edc7eb5bc57ef17d14590d585ee9821e9f38d9f88dfd7fd789
R_Normal/RN_236.jpg,R_Normal,train,129795,77bc70b77e349648348e7181d7ca2514a0e23f7a4e2a1df1272fd2fb3ebf327a
R_Normal/RN_197.jpg,R_Normal,train,202600,7628e0122b8015367042c73984c9624d1881391b30972178074755962331fbda
R_Normal/RN_60.jpg,R_Normal,train,192457,1efc2c061639fa6769400f0f1b1fc60f11efc3dc823187297339c71bc097a12a
R_Normal/RN_243.jpg,R_Normal,train,171624,5f19ee7feed2f2e9dbf407b4b094200f36642a5e9e30836746a2ede5e0f2dca7
R_Normal/RN_134.jpg,R_Normal,train,138357,cab1dfea5e11adde091dabf4ae73555f89cbd9d9172f192f81e9c2422b94c6d3
R_Normal/RN_124.jpg,R_Normal,train,121098,10ef33c1ed1ff0f3eb8e2a4ea8e45e1f6c888207cde1537f372d596b17795e81
R_Normal/RN_98.jpg,R_Normal,train,114716,88ef084ac8fe2510419b029f03aa9f6eadcaa1017b20e33c4dcf3568c6b66d95
R_Normal/RN_12.jpg,R_Normal,train,141839,415e7dbdab512c02c1dd3b5b2494239d4b5cc249b945e3381604996f2d28b0e9
R_Normal/RN_212.jpg,R_Normal,train,173095,a89b52bcb19edb793be85b91dbc59efe6a8d1eaedc561af025837200e6d808fb
R_Normal/RN_216.jpg,R_Normal,train,146019,b375a7d24d21105263c3ad0d6fbed28f7a3d041bf73eb52e6b8ed117d920251c
R_Normal/RN_268.jpg,R_Normal,train,114473,946314abe77c607c6ca63e0185d32ef76a646e69e52769b40c36afbd2132089d
R_Normal/RN_29.jpg,R_Normal,train,68156,351d119b344382e6958f37da598fed5ed6095cf94bf2e0dbcf588a60829e2a0f
R_Normal/RN_182.jpg,R_Normal,train,162669,df61a4e9a44288c9d882a9502122399187effbab45d0e38c3b128dedbb5cf980
R_Normal/RN_281.jpg,R_Normal,train,211079,058b0638f7ef0e1e9dbd72df232cda15de4630c09ad85183bf3d8ab18933a9c2
R_Normal/RN_263.jpg,R_Normal,train,121071,9f7b4a01b5025a9e16c54b29ef99fa235f788d324eec5c5a61ffd43ec6d41f73
R_Normal/RN_198.jpg,R_Normal,train,170316,698ae5b72bdd54fd9bf26aaf44e26c8618a62149e04c185a125d61d5d6e0a997
R_Normal/RN_233.jpg,R_Normal,train,135945,acaf5831fb72236ad82b30e85c5fc8611db52911e4016c940efc45bbe70ee6a5
R_Normal/RN_269.jpg,R_Normal,train,181391,bcc431d46c6b47a4db64acb9b3f1b34f7a185f43e12f49d591595b6ac9accced
R_Normal/RN_222.jpg,R_Normal,train,176436,e8da62efa1e68451d40053317b88f39727bebf0792a1b096297ae0db067e7f7c
R_Normal/RN_228.jpg,R_Normal,train,180482,ba8d5ec64f2a41cfc251280a37e431c67d103d39f277e8d60870c4b045833398
R_Normal/RN_62.jpg,R_Normal,train,190471,887298868e67cc15ab618463be9215b28ebb4e633937a94935d27ae2438481ea
R_Normal/RN_130.jpg,R_Normal,train,98486,f93a613b056504d889ca2cc744ca7e63f69a9620eaaa0a1563af39e9cae170ce
R_Normal/RN_16.jpg,R_Normal,train,104458,1bae62f9fb50ef31258ead11cf489e22f731790f12788570e043bdfe12299028
R_Normal/RN_131.jpg,R_Normal,train,191929,72a189dc973480e257e241487d65177917c4d9a383342252b5ff5108faa9ec9b
R_Normal/RN_204.jpg,R_Normal,train,67859,3e35f8047ca45c0aedbaa11d106de0879564027d57eb5042a6eb2cc2f220908a
R_Normal/RN_247.jpg,R_Normal,train,255699,daaa3c7fdfdcef20fa0b1e9cb5679e988d3e598bfa034797d721e31ac09d4ff5
R_Normal/RN_83.jpg,R_Normal,train,155371,147cf4b4ff1fa10f5ab07efc1bcc14ed59fa6f0a1d8137da1bafd67d5349d330
R_Normal/RN_213.jpg,R_Normal,train,205480,6e261a6aacdfc0ef12161c994f7cb587a218ed48da3254d9dfa1ac2a0df46163
R_Normal/RN_25.jpg,R_Normal,train,116453,23b5062917469f5e28e16ec8eea5a648b772426f3046d9cccf71e343a1fc2119
R_Normal/RN_279.jpg,R_Normal,train,210226,afb2e1e1f84d91e23cafd39e1b6fc423239790c4125fed9d055bbb6821261400
R_Normal/RN_282.jpg,R_Normal,train,223883,c82fc590e0eac6dd45ee21e972d7de8c2426a5962f6b4ec527f16c2759ee0562
R_Normal/RN_67.jpg,R_Normal,train,92145,e4a1191044144f5007c88f7bf4c22192ecae3902d6c5a2338d9ed1e702beefe3
R_Normal/RN_23.jpg,R_Normal,train,116619,0d3146d45570d636f10c76959c7a4f09c571ecb8e443fbf57ed49d9b10854721
R_Normal/RN_148.jpg,R_Normal,train,219889,599579b1716bb8d0d3968ed112d8e9f66c05837e87bdce0aa72dd632650d94e8
R_Normal/RN_9.jpg,R_Normal,train,83064,19a82cd417f01cec30fef252452e35d73054cb8c266bbc9992a86222eec2ab55
R_Normal/RN_8.jpg,R_Normal,train,101498,23e38b9c3a9df65ccfbe0bee08edb11dc42e0485c7946ce1db56993a4676cd70
R_Normal/RN_191.jpg,R_Normal,train,201913,2044b4ccff841e5baba64b792b11cb19d2a69ab922f465f223a6a40d346fe920
R_Normal/RN_171.jpg,R_Normal,train,144468,d182a3a308f7dd4f0f235f809fbeabd002c601928a6cb3592fb0e97e27ce4a3c
R_Normal/RN_106.jpg,R_Normal,train,117679,22911a5206ce67003c6456ce373c23eb0a97f6e9c09a3656da1b02498e8dfea7
R_Normal/RN_52.jpg,R_Normal,train,167009,b445a7bcd3d2de6c6c22a3a948b4706d9849a525243243727861d92a8d0be581
R_Normal/RN_111.jpg,R_Normal,train,183079,0715c04f7f05650f4581b034f4dea2b31ddb0b4e0a62d48eb415746d303b7a32
R_Normal/RN_278.jpg,R_Normal,train,158473,548331f31273cedec3129a03d2e28561495bb2ac07d59ebcfd2e51460c3aeebe
R_Normal/RN_276.jpg,R_Normal,train,174896,b9fafe351f2f40d42e9c04f2f97b306ab5f17102d0733c7ac45a5807b4682ca6
R_Normal/RN_174.jpg,R_Normal,train,56520,bd860ca8df68be560c81d21cc470986c7b21fd441559ef43c48fe71a9a2c4939
R_Normal/RN_257.jpg,R_Normal,val,164046,2119040389253c0f8091f5e3cd1d18f72c1a7d946ee1b1d8b0b674b79398e51f
R_Normal/RN_15.jpg,R_Normal,val,176048,bc637b82484dedc93301138dbea1cd1aef0c0cb2bac581bb5b6b3c95dac1ae37
R_Normal/RN_74.jpg,R_Normal,val,151975,48d295beeeaec12e212175af210942a927e1526f8f61f62c9d452ab016b6af80
R_Normal/RN_66.jpg,R_Normal,val,66693,9f60168dfd2790296b1e6bcf6441e99fe427cc47d410f8537557fdac6df64497
R_Normal/RN_246.jpg,R_Normal,val,126777,42d48e29bd0989210fc58c5738e438e8cf618a34d868c83d0512112cb4af5a3f
R_Normal/RN_161.jpg,R_Normal,val,131178,3626cfaf6f310763e2166ed8e069c1d204ce052f8c20cd12cb10b5926c79b3c7
R_Normal/RN_45.jpg,R_Normal,val,141820,2066adeaa79028551f244396336a759e2254640ef409c20e30ff440bed705cfa
R_Normal/RN_205.jpg,R_Normal,val,221072,bf73182ea6cdcee902281012ba4442bea68fcda6022ba3dc731096d79e0defcc
R_Normal/RN_4.jpg,R_Normal,val,122009,6493aecaf0726d8fac35d45dd9684a0d704928ad29afbb70c1c3b3dd983e9d76
R_Normal/RN_155.jpg,R_Normal,val,90917,59de7f125bb7d05208a3c73af4fe93af7e5fb41e34a9e27e05a3eef09cbe0308
R_Normal/RN_267.jpg,R_Normal,val,183928,0b09f0c58030868318f55e903f3f95647716c2d649aad2fa095acf15d15a55af
R_Normal/RN_221.jpg,R_Normal,val,140613,9fec2fe435f186ce594248c64187689cfae4c59b335ae8296f8d8fccd8bd59c5
R_Normal/RN_138.jpg,R_Normal,val,169428,12e141fc96412a44daf72589d6846207155e2f3823157165bd2775e7244440cb
R_Normal/RN_42.jpg,R_Normal,val,315628,8561f7baaee17e6341117774577b8c6905d19be156257e1b82d854b5ea205a08
R_Normal/RN_239.jpg,R_Normal,val,177444,d60d67a55db4a3e7bc049fe60155ec0524fa2c0048535bd1bab9d09771b8b91b
R_Normal/RN_115.jpg,R_Normal,val,124192,41cafff28768e3c427b787a063bf2fec1c2d3dcb4ca89366cd11577c1de25fc3
R_Normal/RN_248.jpg,R_Normal,val,195574,bbfdee63070f9b5434195482d22048baeb740c381a7f16756099149acf501711
R_Normal/RN_75.jpg,R_Normal,val,130445,a70e65558a921260627b26e5cc7dae8c0c5d216da7ebce92bb65ea7234286a1f
R_Normal/RN_260.jpg,R_Normal,val,150095,f7e5e0b65c4b2252f7bda76c385455557a03e7c1e4a4523e7005d18ce732194b
R_Normal/RN_160.jpg,R_Normal,val,168312,afa7afa5aaa00b6f8464fed661ba15592b48a88cbc050c29db62803f97721a90
R_Normal/RN_253.jpg,R_Normal,val,206044,fdcbeddd0f124916a43f4031205c8dd5c293336788eaafd9286bb83cdf94a949
R_Normal/RN_147.jpg,R_Normal,val,232934,22f06f5d856b61547fe498359dac9f34d70778f0cd75445a81f213fc102ed21d
R_Normal/RN_180.jpg,R_Normal,val,257446,ccd3a85176fc71bb5208932c959d97893608122cfae4ae7296287f518f1d846c
R_Normal/RN_184.jpg,R_Normal,val,333408,3decd8e357a8f92e6926580dc731bd3bdbd89fc9714bdef63254fc0ca2c8c122
R_Normal/RN_136.jpg,R_Normal,val,204689,1ec6fc39810be6672b04d3445900bc292ea14f7f27f19a8c0b4690876efc035d
R_Normal/RN_183.jpg,R_Normal,val,364133,2aeb40bf111a4a71ee1841589722d286f2022fee89ec42c904294bf4242cc8ba
R_Normal/RN_291.jpg,R_Normal,val,120652,b17fae346727bb9ab8a0f2f85bcd79535794f8fc2e40df6c1feafb4552774a8c
R_Normal/RN_245.jpg,R_Normal,val,160183,10d0e6f2e75e63ef8df879b02e6269ceafb9549bebd1ca5190d9a4cdc403672d
R_Normal/RN_203.jpg,R_Normal,val,167306,f6527b06a015a9ba300ae0ecbc7f45a8af261e96d4257e9227610b5959a1f562
R_Normal/RN_94.jpg,R_Normal,val,67345,2e954f78638909dfbd11bc0112275d86603b2290e080238dfad5f3396d67cb22
R_Normal/RN_187.jpg,R_Normal,test,223112,1c4449c02b3783b9742cfd383bfed7081e8883e55d6744ea9ce762b97002e647
R_Normal/RN_121.jpg,R_Normal,test,186441,8df34ae1037cf341b6e7033e6c748300da777df8f987b176bd2a57581ac553f1
R_Normal/RN_299.jpg,R_Normal,test,163003,24442fb54336b54dcb9cb8214e6efb3fe3d36a6c9bd2ec8863056cb007c29de7
R_Normal/RN_152.jpg,R_Normal,test,181357,9309e572066b08deb4744fd31af590de8d377725f81095ee527cd21e29cf7675
R_Normal/RN_296.jpg,R_Normal,test,158827,5eb68c5316c1dd683fbe636e9ff76e7e4960bb8803a06e12055fd21eeb6d597f
R_Normal/RN_117.jpg,R_Normal,test,182122,f4fd8de1749cb86dcc2d9ebc45b2c4d307425a799bedbc755c211b8c721f3337
R_Normal/RN_166.jpg,R_Normal,test,156157,848daa3ce835bab10c6bbf0eb01ea2b4f42a28604c7c9940c504b383ac9c131c
R_Normal/RN_277.jpg,R_Normal,test,165818,08043503c1a7f98f738e6a5bc8a55c4eb1417e313955c1e1ab8dfb477a4a2b20
R_Normal/RN_151.jpg,R_Normal,test,115723,9c2db9b557d2ebb74b9bd52a4aa3a2557fdb2f44ee2825eb4dc01724ca27400a
R_Normal/RN_251.jpg,R_Normal,test,193637,0257783e5e7952e562816146d49fd740ab62e343e3967a336226e4df6a5559cc
R_Normal/RN_109.jpg,R_Normal,test,107225,c90f92ca6386ca004faafa2bd18da517771dbba397d8683507ba8fb915b66acf
R_Normal/RN_114.jpg,R_Normal,test,202239,c6e44d9d3f9c6c25548c5afd89baf6c72280692df31ab159e1a9654a657c0fc5
R_Normal/RN_261.jpg,R_Normal,test,184966,39d4289284c874011c822d0fceb51d7cb08def95941ed6c451788002acefd291
R_Normal/RN_68.jpg,R_Normal,test,135511,39a3cb8d51aeeae8bab2778641a390b836aff907b70e86530c4fef2fb6860788
R_Normal/RN_231.jpg,R_Normal,test,190929,310d74ecb99261d83013a7cc2d47db52643f19ea0d504ab028b6138e6c2ded26
R_Normal/RN_266.jpg,R_Normal,test,176458,0286c60df4ee3c5265a821ccc4ca3a083a86448278506059e14200ab9d4aa1dd
R_Normal/RN_234.jpg,R_Normal,test,206707,ed3581e513c42481c7277738ebe865ab1c52e7c4cdaba27364fdf2fb7b52a34d
R_Normal/RN_135.jpg,R_Normal,test,113226,f116201d61d1069550f70c0d8e731f81b59a02678539afafc411c4a0d7b2a3de
R_Normal/RN_273.jpg,R_Normal,test,194572,e41f4059279fb314a2172f3e58db8bfcf83623c5df744840b3f96ef18f99cbee
R_Normal/RN_156.jpg,R_Normal,test,297967,e29c5f21cd0528e460ef31848b463756812f49711473b7abec0f11067c3723a0
R_Normal/RN_40.jpg,R_Normal,test,110797,f76403a73e96cf2c0b5b0114237465a78589e2fb45ef12a4f216fd6d10af1d59
R_Normal/RN_119.jpg,R_Normal,test,216894,0a2e177766d2f2d6b3f5825e4672f0c40792ce52add0ff2b0117ce52f56cbc81
R_Normal/RN_220.jpg,R_Normal,test,201011,4fce2278b199d2e1a810291f14ff78e9e29bec6e368f2925d235563ca97efc60
R_Normal/RN_258.jpg,R_Normal,test,224097,4b4bc7b2cb3e8da78fde6ab6dcd51440d63e6976556f01ef52230b2d13b1c4bd
R_Normal/RN_264.jpg,R_Normal,test,217405,95fdb11a30212670a4ce9ca96ca2e2a9ef7c392e6ff423193ad9108e1f5dd22d
R_Normal/RN_143.jpg,R_Normal,test,153999,8aacc2d72c0270de91fdc6136b076c101ab1057e3241e831dc89cbf0c6a5f350
R_Normal/RN_274.jpg,R_Normal,test,220710,599ecf9535e3c8969bb75f414a426c9d37e74f4eb36c17c7177b85f0ab883ace
R_Normal/RN_88.jpg,R_Normal,test,117682,0e69819104435519ec866785551376247d2d10a9c43ef5ac7b44bd6bbcaa8c8c
R_Normal/RN_93.jpg,R_Normal,test,67345,2e954f78638909dfbd11bc0112275d86603b2290e080238dfad5f3396d67cb22
R_Normal/RN_254.jpg,R_Normal,test,151024,fb124eac4cc3679da5f30195fe0e9fdde8a2621e9d559d530984c78a97756ea9
R_Normal/RN_199.jpg,R_Normal,test,150512,ab2c3dab18c2ed079e5bef03603bd77edb802de7f04d8dc0c2ef7f84f21f65d3
R_Normal/RN_170.jpg,R_Normal,test,168673,9ed69aa6fb513eff75463d26d762550489999b843026c21c2610acc1a2e0a750
R_Normal/RN_79.jpg,R_Normal,test,125623,379e526201594346154dd4d69d01d4aeb1c1f2b191018c5829dbd39766dfae63
R_Normal/RN_256.jpg,R_Normal,test,220343,6c9c0ce439bff502649dbf38e085173cdd414ea6b211f7b8883b9ff72d48a674
R_Normal/RN_90.jpg,R_Normal,test,171209,a2c7b72a6d6dfcf768baee4bf13e4cdbf8f27d57e6c8089fbd4f40f9bf5fc45e
R_Normal/RN_172.jpg,R_Normal,test,166925,34f0cbce3bf39886dcfb67635d276ea6d1d3408b2fff071939399b78a1b1ccb5
R_Normal/RN_101.jpg,R_Normal,test,89332,a1d1c8837c4cdd31d2de6ae59716357feda88dcf76da56ac3f93c6ee1e44ec61
R_Normal/RN_227.jpg,R_Normal,test,232017,2342bf84d255b6ae8be8bcc671b96bb59e6e800134ca47e97715013407eb6375
R_Normal/RN_35.jpg,R_Normal,test,93325,4f791b99c7878049fdab9495640fb7157e2359866c55c3887aed0298b83bf904
R_Normal/RN_20.jpg,R_Normal,test,131449,28c4937d2547f51be2a13cb0a965c63186d7d562abc73e03dc4c077a11c02151
R_Normal/RN_292.jpg,R_Normal,test,195487,b16c7d90ddad34b674fd65a349223611d0cb06255d1672812be2728f2cf9916e
R_Normal/RN_92.jpg,R_Normal,test,65798,cc0ce67f1833ebcffd0d25bb0e46d20a774e4814652a8bd4ce56489c8545bbe4
R_Normal/RN_190.jpg,R_Normal,test,224963,eaaa780e9f788e090b7e1b61eabe265629fa728092de25f4e47b2c7cd879ef78
R_Normal/RN_110.jpg,R_Normal,test,137881,d96be9c9876c315641d3eb20edd2e5b9369306763e546adb283879527401c805
R_Normal/RN_61.jpg,R_Normal,test,113977,46676db913db41d02bda2a4959f39d67d288c149b94be4b2ce5876319d92fbe0
R_Normal/RN_206.jpg,R_Normal,test,244509,b09f422e50bd37200e63a77283e9f9cbca57a88da374f56251017393fa1e493b
R_Normal/RN_2.jpg,R_Normal,test,101498,23e38b9c3a9df65ccfbe0bee08edb11dc42e0485c7946ce1db56993a4676cd70
R_Normal/RN_141.jpg,R_Normal,test,156991,56c1089c8a5837100ee8e8245e518ac12b28258ecf565354adf0490d629a35b6
R_Normal/RN_112.jpg,R_Normal,test,148278,c021d14bfdc07269f2ec30980b59e20b6a32ea76c7f7dbcf34d13169f6a93410
R_Normal/RN_113.jpg,R_Normal,test,205204,372eba274549abf9e5adfa739be836f41f647abe6d05b061da7d74ff8bf98e58
R_Normal/RN_294.jpg,R_Normal,test,207131,d44188a7e39fb682556b3f3b6c686d340b68ae878c83c098d6fb0afdc4865575
R_Normal/RN_139.jpg,R_Normal,test,215636,25064aa64f524b94383356f4b003b17fece455e32bc154787505364420d8c31d
R_Normal/RN_80.jpg,R_Normal,test,91135,42d0f0700c9faa6a2dccfb18912698d412931c8d524c31fb21e0a83f8cbfd334
R_Normal/RN_146.jpg,R_Normal,test,148155,5c56c5aec9abf468fc465fa453b2b8fc6d8d816ee7113c6e6eeda9812a6b5720
R_Normal/RN_163.jpg,R_Normal,test,201681,eca5f382054ff6177776aafbef4fe8fd5e4d80cc08501aee28a17726157f7393
R_Normal/RN_201.jpg,R_Normal,test,216209,b8c36c8d7cbea80cbc5174e3de8a65c191bc3a55bf9e0e2b747d6f40e70b3bee
R_Normal/RN_211.jpg,R_Normal,test,180480,bcf95aad5ea1965e21bb4099fd481a7da47ea732532bb97a067ac173c1ed4842
R_Normal/RN_225.jpg,R_Normal,test,135562,1810f0183977830cca7a9d0f308b5e5e5fae41193dfcc1ec2f35b6f905eaf0c7
R_Normal/RN_11.jpg,R_Normal,test,107617,ae1ae909e42fe528b28beabfc073d3fb8244e9a24c1bac54a2893f1f6c4a9108
R_Normal/RN_150.jpg,R_Normal,test,145169,a6f98a93af47df186a0946dd66a47b4df545688811b143a2a3deddb6cf297f89
R_Crushed/RC_195.jpg,R_Crushed,train,136161,ef28d7dbdbd50f45a80e86f7f10b22971b7f60da162dd50037484a855ded774e
R_Crushed/RC_44.jpg,R_Crushed,train,96757,1bd1c61e082f22bd2981b1abe71f486ee0d22fd8e748cd20d61839368284abab
R_Crushed/RC_132.jpg,R_Crushed,train,171966,4e5b727b8043a4b8d4da5c34dbd1e539046dfbfb5ad05594c7e71a2c897ff990
R_Crushed/RC_18.jpg,R_Crushed,train,125136,2d76d6514b1014c47fac71b1e9fb3ff29edf28c0b4ba0bfbf607ae6cbb50e412
R_Crushed/RC_128.jpg,R_Crushed,train,178139,23dbbc4734d7c7ae651701d8a2cb58cf15e53b1fcb4faa6ace39bf7bddea55c3
R_Crushed/RC_54.jpg,R_Crushed,train,128458,8ff88bcfc0c62b90a5298b0cb2145c59802eeb352d8c0c08b8bb26394a61736c
R_Crushed/RC_272.jpg,R_Crushed,train,162342,391b1d913679057596f058157eebdc39624c5b20c99d96a04627b95e769123f9
R_Crushed/RC_207.jpg,R_Crushed,train,135063,c449522e53a1661aad2b5446d082321fb4399e416ab507c883de47fcc1d1f80e
R_Crushed/RC_116.jpg,R_Crushed,train,158318,29f0b8203c92d94677fc50c8ab10e378692046ff9a4b8718458db96000bb827b
R_Crushed/RC_31.jpg,R_Crushed,train,114130,bf65e416b2359a668425fe1132bbd6d3a628611a4613b1b437f27ee94b8c35bc
R_Crushed/RC_120.jpg,R_Crushed,train,119669,2f7896d926d2a3d1a75010023527e964eee8c828caed7af7d312d373ef5a4f85
R_Crushed/RC_95.jpg,R_Crushed,train,207479,043209c2db086523b8be2e079a98582231d06e0951481450dde19c98e4d42455
R_Crushed/RC_192.jpg,R_Crushed,train,150777,14791b9b4049c4eebbbf1bc12ca1c37c30ca1bf7a0f2350eb4d1ef06a0cba3ec
R_Crushed/RC_298.jpg,R_Crushed,train,159020,2232c9dc5b51c9c70fa63b4b0350f823a92092de5c5f2109cc19bce23e56fab4
R_Crushed/RC_284.jpg,R_Crushed,train,116685,3a9e928295cfd34b54a728d601d8bab2106948c0bc3250daadde6fbaeafe907b
R_Crushed/RC_97.jpg,R_Crushed,train,212659,44e9ed7677485072237304f0b4a6e3dbae80eaf1e842946c2662c97aafd9d01a
R_Crushed/RC_91.jpg,R_Crushed,train,84301,7e2f08ed1a8f8531eab3fd535a0f9d5930591081e48b07a0e785b4b414706c8c
R_Crushed/RC_133.jpg,R_Crushed,train,246147,e8d6b98cc880dbc4a595e9cc37833b9489608a053e1556119fb06036c4990cb7
R_Crushed/RC_241.jpg,R_Crushed,train,125295,897fcc1c2c6a1a0cef8f81f162a80c7a2102e8c717deaf2e3b302ceb9e0c683f
R_Crushed/RC_255.jpg,R_Crushed,train,185118,0994f926dfaf8e47481bd0c8f595a6085fb6ff62d82b172674c4f5f53bd6e62b
R_Crushed/RC_5.jpg,R_Crushed,train,191411,31e49de8ad360ae4f6d6922cf9df07eacf026994379ee5b2f87c0376c3a1f77a
R_Crushed/RC_10.jpg,R_Crushed,train,174109,7ba714cae8301f31033f5a5ddc9697e12ee57a9fb8dd8ec6d80d549057698f09
R_Crushed/RC_300.png,R_Crushed,train,4680879,f12a6b6ff351db7d0e8be2c5331ca17591d8783c0f361ecca3a5c1306b5e7df7
R_Crushed/RC_55.jpg,R_Crushed,train,222098,79a6204e6ab93816b51925fe287fdaca462572c7db161974759affa370506bba
R_Crushed/RC_229.jpg,R_Crushed,train,115567,d2245251c841376259fdabcfeee89c87e6a22397989e6e94b4408b6ec6369629
R_Crushed/RC_219.jpg,R_Crushed,train,149172,6f126f560229c72969f46d086a4e5c0cddd7a3d7fc6b78613c58de35c20073ab
R_Crushed/RC_50.jpg,R_Crushed,train,124632,3709427aef5ebe2de3fe3196ee87bc66de77a2d4dafeb2c41d8354e6f1ab930a
R_Crushed/RC_285.jpg,R_Crushed,train,270847,9fd072eb14cd588df673cf828abae73d7a3ab81dbf7db9aca5606f2b12724bdf
R_Crushed/RC_177.jpg,R_Crushed,train,169253,0c26d538b9db74a3c7fc5c60b1d4081fbb0b8baa2a692c1243811ae5d304e3b1
R_Crushed/RC_103.jpg,R_Crushed,train,116678,e52e4c8ae1a735598e25858f6bb2b4258a8c51828df01ede927b7937c77d9888
R_Crushed/RC_84.jpg,R_Crushed,train,85330,17d3c7029058c9cafa47ec726eb1c0806496a685a3e71d0343204d1e0b8d06c9
R_Crushed/RC_21.jpg,R_Crushed,train,164151,4db45a88a4656120029b2e7c3262b81d987a46e4c82f0295ee582f5a6cf0f984
R_Crushed/RC_270.jpg,R_Crushed,train,211834,722e534127d84f8242a8d7dc6a173b6cbb75b235a2001ce358e0dc3ce4202e68
R_Crushed/RC_13.jpg,R_Crushed,train,144477,3153134e15741494f85ce757edd200847ac97fe42ef74c10b6c526bd18f1154b
R_Crushed/RC_37.jpg,R_Crushed,train,154437,bb11bd25e7a6389261130d983d56a021e3e7bdff532106815e0435f4873c4259
R_Crushed/RC_262.jpg,R_Crushed,train,117245,e552d932cde987b6e7088e10d135087f9f02ef925cba1da8c03d109f3de5b40b
R_Crushed/RC_56.jpg,R_Crushed,train,214764,1ee6730bb683303a7e9b3ea0ee1b64043bd9e0bf95771babfc2b03ff3238684a
R_Crushed/RC_196.jpg,R_Crushed,train,140641,05d1e3fd57c57f16a4de31908154cf24bf043079999a93acc884a2aec5a53483
R_Crushed/RC_202.jpg,R_Crushed,train,115120,737997c55ff55677abaa247f24fdef3fafc4c76d493ab121a18fd65b5ab66006
R_Crushed/RC_142.jpg,R_Crushed,train,233657,d7ef3ed0769184914414e1d5ad4d0354d9114c0e2b01fbdc37acf21af55259ca
R_Crushed/RC_57.jpg,R_Crushed,train,241584,68bbe9f67ed6f488ca1b6200cbcd5f9b19cc44ca2b48d09314487c87734f10c9
R_Crushed/RC_47.jpg,R_Crushed,train,92435,f2cdc2fcde4ed0c656f99ff04ab92c6ee0c05cff38d920abc72ec85d65110e74
R_Crushed/RC_78.jpg,R_Crushed,train,184260,e5bccb7d1ce55082c14b695edef0bcbf84855019a96210e22604f2e3ebc2f315
R_Crushed/RC_165.jpg,R_Crushed,train,157760,10d09009549236cd132b849125d8065d9bd57acf39133c8a6352ba06f04de639
R_Crushed/RC_70.jpg,R_Crushed,train,131857,980d72dbfb8b343813483b44cf907b9d5ded2d79f6be447520e0f57bcc860a7c
R_Crushed/RC_19.jpg,R_Crushed,train,104978,9e580792208af96cb1700e976c24e5b76ea97709a0b19dac5a349f5bab760392
R_Crushed/RC_64.jpg,R_Crushed,train,109848,9a09a5e2e495355359760355c79febbb7be6fd66c3d8912484361acc16d0af4e
R_Crushed/RC_242.jpg,R_Crushed,train,154170,a7bda9806cd1e06628c6b05380cc58a36e46dd10d6df19eefe150e0fb719225c
R_Crushed/RC_287.jpg,R_Crushed,train,141948,71984310ab08fb3bc2edffbe26d0e8bcedce467a5fdb597b9831d9e06de36aac
R_Crushed/RC_149.jpg,R_Crushed,train,122859,d9aa4312bb5761df6a7f39c827d681f1b2ccbd668b036b550297055e62ed9302
R_Crushed/RC_104.jpg,R_Crushed,train,92666,1980f3310dbe3fbbd9f411ee649c94a76e247f66771ec306d1e10435196c34a6
R_Crushed/RC_71.jpg,R_Crushed,train,150966,4a572578f8a96838774abd3a522df41f54e21fc99677db8871c61da407da7137
R_Crushed/RC_122.jpg,R_Crushed,train,108625,c4f0c5f16e56688e039187669ab381701ca3d3660c3fe6b3ea0017fd35e853d1
R_Crushed/RC_39.jpg,R_Crushed,train,244682,be7381dc6cd7024e35d2a98db66a8515f9b505460408b336aa78320ba83fa0d1
R_Crushed/RC_200.jpg,R_Crushed,train,97105,ce7ea82a6bceee4fa9f92ded92a798766da8be4c8024b49d940e5c5fb8c6787e
R_Crushed/RC_224.jpg,R_Crushed,train,189435,cba4ed710e212fc8790ab90300ec4954ae5ddb5b240acd804ebeedfdb01ae1df
R_Crushed/RC_237.jpg,R_Crushed,train,98711,2d46fac761e3a17edabcd340743bc74ab87f438e65f5318b5431eed971f8bff3
R_Crushed/RC_194.jpg,R_Crushed,train,126357,d42360347b390db15d479ce640efb1d46f58f6139d7403540dfcbe2382ebefb3
R_Crushed/RC_85.jpg,R_Crushed,train,152786,c9409bd273c6df336f0dd7f7998b0e66252e597edf6528378cf3e10a68e96d24
R_Crushed/RC_27.jpg,R_Crushed,train,153388,27c8784c5d3ed55e32afc38f79f40f03602b26f2ce2100e6cbc4fd44c4df1fbb
R_Crushed/RC_38.jpg,R_Crushed,train,102661,4a27fa8b2578e7745ac3083e0614542018a7d6b056a840d3e1822fee3f58cae8
R_Crushed/RC_48.jpg,R_Crushed,train,222856,e05a260127b0befdf95586859b85a583b41e99aae190969e3ff4460977965039
R_Crushed/RC_140.jpg,R_Crushed,train,90337,45842354500ea13f073f171bcfee57307ec3e0c7f30e38734a194b0dbd3966b8
R_Crushed/RC_6.jpg,R_Crushed,train,119365,878303cfafb61665f1142824c42d19fe2127e58c826bc5dcc45b5a6af271a779
R_Crushed/RC_34.jpg,R_Crushed,train,151392,6a728acee781b78998d1f83b89afbd4b03f379b18f58ab7265f8786eceb6d023
R_Crushed/RC_295.jpg,R_Crushed,train,139298,68021741ef83f6351b63457dec7e5016d4415ed2612f92e6f341a7d9e840b60a
R_Crushed/RC_41.jpg,R_Crushed,train,56478,dfaf8207ea13a1dc8ed3a7624893c578070a0304684d16ac67e1e9307f2aa733
R_Crushed/RC_218.jpg,R_Crushed,train,87804,06e962c529a068089b097ef2ac9a2d396a7838d28aebef10b8f4d3ba6201cc0e
R_Crushed/RC_158.jpg,R_Crushed,train,179170,943d73d6243363d13da4b7dd591eb8a92e270aec55230075749625c0ebd1101e
R_Crushed/RC_286.jpg,R_Crushed,train,188650,ff835bfac08d05e791efb6f3d66d1be17759de68611f45a603a353955d0f722f
R_Crushed/RC_137.jpg,R_Crushed,train,109995,7b49dbe10659a0dc3a3c557de8076677aff3cb67360cc171ab66ed40775de049
R_Crushed/RC_217.jpg,R_Crushed,train,110614,047412ad6618803d7e19b4a62973e27f1f38929c3ca67bd64570b14f69c7ed8c
R_Crushed/RC_72.jpg,R_Crushed,train,125267,9add46e5afc5397237b742db67e6a6499063b50369d1ca8d58f7b6413efab85c
R_Crushed/RC_73.jpg,R_Crushed,train,118536,e52f61d564f58b7daa96f2ebdb472e2324c268c86050d3440bbbe3d36e5a483b
R_Crushed/RC_33.jpg,R_Crushed,train,126007,46f9d09854b039c1fcc097e25811306dbb9788eab73147696ed04a1bf68cfc28
R_Crushed/RC_107.jpg,R_Crushed,train,116388,231257e63447366e91c7d18043760e9247cf266d91b58f27ea4b88ede2e6c520
R_Crushed/RC_22.jpg,R_Crushed,train,164447,b413becee0d673095142391419cd0a7412cd9502833f54a149d2cb050dac1b03
R_Crushed/RC_189.jpg,R_Crushed,train,105961,f1b393aad8e8a5c52ec100e6f282e370ab36d33a3d9384c4b8b51387decbf2dc
R_Crushed/RC_77.jpg,R_Crushed,train,95546,4fd39e0c86d7ab973b27fcf666155c5f29cd923814563e7b58ccd915645e2d8d
R_Crushed/RC_24.jpg,R_Crushed,train,104050,5eb8d8c356e2d0aa00d49203c1cced952f8af969d25fdfe69bfe0a528c0ac309
R_Crushed/RC_69.jpg,R_Crushed,train,175661,a1ed7fd25d78123633cf87765391f8e0f4c7e16d0635b24057ee6086fd2a7f8d
R_Crushed/RC_235.jpg,R_Crushed,train,202757,460a824348411dd01ba134abc97a4dcd9f9fe5d1562b54aece3a628c5335dad2
R_Crushed/RC_240.jpg,R_Crushed,train,502629,aeba0f2fe8f194c7a0e740ea59b462b5fcc6d54c0810bf364ef03d83385b1ea1
R_Crushed/RC_3.jpg,R_Crushed,train,30181,3fa5a4f1f3adec135dfcadda2cd7aa8b5c587891ca8123d89c94bf3389f5ad6b
R_Crushed/RC_232.jpg,R_Crushed,train,152034,2ecde8b76021fdb28bd2f4bb9802c5284de325aaa5607b8473610b374430e2aa
R_Crushed/RC_289.jpg,R_Crushed,train,90292,2b2d632896f1e4695888d740e25a5d26db740b028fd19a7bca8ba81ff547dccd
R_Crushed/RC_127.jpg,R_Crushed,train,161761,88a881642d47f680d06a14c04e6f7f1562a7694b0cce199cf7b2bfbd0e6a282a
R_Crushed/RC_89.jpg,R_Crushed,train,76313,e134172438b084f0d2c9cd73240250674719a7094d1ffa69de251ec1e2a003af
R_Crushed/RC_99.jpg,R_Crushed,train,227776,487b140a83b1c8e0d103b873ee3a4303759bb72b4b3db96c4c13675ccd9e9922
R_Crushed/RC_159.jpg,R_Crushed,train,205805,56c0b72fab6e02ca51327534e81aaa2189b462e824e1ed86de4ef74b48d71391
R_Crushed/RC_259.jpg,R_Crushed,train,116877,c826232e541292929f29de1b78744faa3f82a2f8df2b179cf66dd7956fab3915
R_Crushed/RC_7.jpg,R_Crushed,train,108577,b140239767aee9f89c032aad672144c2bb5f70a683ac7401180d28c8132ecb81
R_Crushed/RC_288.jpg,R_Crushed,train,71042,9ad52d150a33dfc62529a26fec0edc60ff6f200b0da2ef25f50115448062cc36
R_Crushed/RC_176.jpg,R_Crushed,train,160214,be316e1888375e14b6203cf1342569b3d98720fd1852c1b14ae72aaad9c02419
R_Crushed/RC_145.jpg,R_Crushed,train,158787,a15150424f88f39946e642fff64edab21df84780cb3334b683822ab10b42bd8d
R_Crushed/RC_223.jpg,R_Crushed,train,152701,0d64663b0100a46a75f0186c7728d39d3982d54e59cf9665619288dbba5e70b6
R_Crushed/RC_181.jpg,R_Crushed,train,103688,51ed6de6b3cb17b6e7afd59872fa0612a7f7481d2b1c2e29afe4ae8dfd740607
R_Crushed/RC_46.jpg,R_Crushed,train,85802,37c5904da7c535e8d0b1f86903696893915e1fccaecf2a1b63bf4ea8f6470294
R_Crushed/RC_179.jpg,R_Crushed,train,184079,7b39d9f2c0d07f6d8812480970b56705b7ac9fc6f90bec721e3cd982afb82d19
R_Crushed/RC_244.jpg,R_Crushed,train,129823,67c711410f9881672b097bb1ec35ec765f6bcd3bfdda820fec989466d41672ec
R_Crushed/RC_186.jpg,R_Crushed,train,121072,549b53dffcbc15430e67072112d34b7db267cc1e8d6d2240f7f2acc57f240b58
R_Crushed/RC_293.jpg,R_Crushed,train,140647,5d5e21c423088c809bf2a0feea6827b6821231e0abbf534c833c917914fc6e18
R_Crushed/RC_290.jpg,R_Crushed,train,109299,e4361c4aaf29610a1513a3d253a172ca72e11d7dc9002589ba8304b176c6b6ad
R_Crushed/RC_275.jpg,R_Crushed,train,143894,c5bd43159f1a403fdda616946423b0164c4a1a071eefe5ef48af2fe4659d98d3
R_Crushed/RC_169.jpg,R_Crushed,train,124015,c30a70f869c8031857d7640634ccce8a39a7dc7dcb2955e476fec2f98e19e662
R_Crushed/RC_230.jpg,R_Crushed,train,147452,e1fbf8be8d566d56ba2cbb13ed8799f613a984a5a35d029a02c191f1c0e9ce73
R_Crushed/RC_129.jpg,R_Crushed,train,78527,208f737e02dd9777bc291aaf8126a675f8605cd61e7768faf6f11c6427a8ed48
R_Crushed/RC_118.jpg,R_Crushed,train,199132,3310e9c27ba5601c2b9ba2a401bb1a52a65e65829dabad3ccf717568c25c4445
R_Crushed/RC_162.jpg,R_Crushed,train,84914,cfa1cd7c452355aec590e95afab910bd2dc17d9d3c1050d5a8ddc5c3c974d322
R_Crushed/RC_153.jpg,R_Crushed,train,192804,a7d5d843bdca578590e8bc8aff0cd35f3e05969a4ad6c691e8da8c60cddda32c
R_Crushed/RC_175.jpg,R_Crushed,train,109459,060ced41e608d5ac438bd145d6844db0085d5ba9a4b1f49e800b2c5eaf9fc0cf
R_Crushed/RC_210.jpg,R_Crushed,train,129531,3f876e3d1c0f33723b4f3e7d73d25576707fee29e2a96ff0705e648424bfdeac
R_Crushed/RC_32.jpg,R_Crushed,train,143009,1ba199e9079e8203b5661527585b3572a4a8b208eb7962ab1958e4e54abc201d
R_Crushed/RC_271.jpg,R_Crushed,train,137757,d7d179347b55031adbc44b267bc231f3b7c1f177fe6425aaa9916007c8a4bed4
R_Crushed/RC_238.jpg,R_Crushed,train,112574,4e3ae9fb348511775b74975b97d2031b854ba955c5cd4f44b9f8f34099bcdb66
R_Crushed/RC_81.jpg,R_Crushed,train,165732,73dfc1c5dd47a6535ddf561c30f8a1e855cc6f04afc89bf2395ff3ccdf06cd17
R_Crushed/RC_283.jpg,R_Crushed,train,188976,c41a8091c98d654a75a11c42e9f5fe8be72b00c553668089133f775f2534d3a0
R_Crushed/RC_193.jpg,R_Crushed,train,85679,d0f63fdc040a29d428c284dd0450a2dc8d56115ffcfe5a42133e348d7a3cf709
R_Crushed/RC_297.jpg,R_Crushed,train,136990,4ebe9f7057775694533cf4a324f5d85b161475670b5cd74ec92114a09f7c8922
R_Crushed/RC_63.jpg,R_Crushed,train,130825,957c449d855242854157b1c785871c4b2477b70e09605d35014f114c709b7c3b
R_Crushed/RC_209.jpg,R_Crushed,train,132236,a8c418fe12d2c7e24a67bb071faae58d13cfdefafce21f1c34e41f87de433898
R_Crushed/RC_108.jpg,R_Crushed,train,207986,ea7071343290b6447b7da03229eb1d861435f5054890318ede7b3b6dffe8c31f
R_Crushed/RC_208.jpg,R_Crushed,train,130379,36b9cd302dab1d5d608b52fabd497045e5ffe0efecb0fdd9819089e1aa7e08f3
R_Crushed/RC_164.jpg,R_Crushed,train,228961,9e86e0b35e6e949b1d511ffe2805cf1bb877773f634f00c709f158b24e3788d4
R_Crushed/RC_82.jpg,R_Crushed,train,69671,943972cd2bc35f912efc114af784e558332a65046f3c6a8da383356e0e11fa08
R_Crushed/RC_126.jpg,R_Crushed,train,141719,addde32734f2cc47c43375ca63a70333e9ad3987b05194f5a958545ab9b87019
R_Crushed/RC_105.jpg,R_Crushed,train,80356,2004616762838628e9b480851f5347297b23c2cc42c88cd55720a590297be406
R_Crushed/RC_154.jpg,R_Crushed,train,198662,c3e68c4de682626415531ba4a9ec58d117907589248672054e6d4fd64a47bb5d
R_Crushed/RC_17.jpg,R_Crushed,train,78103,a8e8974e4edef23b113f09d450a68213dd379fefa881c98b955d9193dd4ef6fa
R_Crushed/RC_26.jpg,R_Crushed,train,171152,2285e843c39dcef2652d86f68bb610a5bbaea9098c2dde9201332cc92dcea669
R_Crushed/RC_30.jpg,R_Crushed,train,181981,68b3178d0970b99d13693a30725ff642fadcab36bd41cd36137ba6f79c37c627
R_Crushed/RC_102.jpg,R_Crushed,train,126828,fff3aa324b3f1d35a14b9bf9fdca114cd82575a20d55c54a08baa4fe23252000
R_Crushed/RC_96.jpg,R_Crushed,train,208719,3ac6c14cc3c78f19698a191a871c56aae68d0bfaf4314865836569af5d63293f
R_Crushed/RC_173.jpg,R_Crushed,train,93651,7e0f7d77610029ee99e826e5a21d9b6580b1aa76507c6c879c4647f6393121c1
R_Crushed/RC_58.jpg,R_Crushed,train,121087,3683b17245b908a559cb24869ceebc387dd0669df365e07af6a9cc8e08a53fa6
R_Crushed/RC_53.jpg,R_Crushed,train,159033,39e41d7ef1399adc07f53c656ee9c5af13c6458c2e9eec91da42cb338ce081c2
R_Crushed/RC_49.jpg,R_Crushed,train,184901,7d138c51511e2f651c0da6d5dd2348dda6ef58a184f50f05b5c33ed1fd6cf0b0
R_Crushed/RC_185.jpg,R_Crushed,train,103922,3d6d91758aa9510775a6eac9e5ee73a10171e36b26027afe689d805d17a0f79f
R_Crushed/RC_252.jpg,R_Crushed,train,97297,88429a3c0655e35426a07db8e9ae871f17944441bf3152099bf7a6852c297ef3
R_Crushed/RC_144.jpg,R_Crushed,train,90401,5c34110bc6ae88c1ec7f74101ae27f29a34abf91fcd03f6a049d62b6b71c68e5
R_Crushed/RC_59.jpg,R_Crushed,train,335592,48598973faf2f81d12452511363b407b3c2a23959c6fcad884bb707882c2395e
R_Crushed/RC_168.jpg,R_Crushed,train,145540,3bec7acba80a722c1084b23516f8d3ebbf0ce296bfbe3d3e16c79a1a1a723104
R_Crushed/RC_123.jpg,R_Crushed,train,176766,5c4652cc022424eb28ea0a3579e6475307a043faaf4ed8ccbbe8ed757915806e
R_Crushed/RC_215.jpg,R_Crushed,train,149352,eede3e6bdea9231ab26919a346764f5abf580304bcbc1e1b347031a473cf516f
R_Crushed/RC_14.jpg,R_Crushed,train,133484,44b400a8d43e2cb7e51eacc2905dced686abd59940ff39a29dbe0b5911e618de
R_Crushed/RC_214.jpg,R_Crushed,train,111462,87945b19396207b3471e008bde9c46d85976b06dfa844f164b046c18c3d753f4
R_Crushed/RC_51.jpg,R_Crushed,train,43400,f56dc3de32c3095fec27b379aecff2490138d24583107c0cafbb9367980e2fc5
R_Crushed/RC_1.jpg,R_Crushed,train,167107,d948a3733bbbe7154bb6df19a0c398236b2b64022e23825789ae79571f75b7e8
R_Crushed/RC_43.jpg,R_Crushed,train,116245,eac4e4050f0863815c07ff071a710eec3eb98005ce702820de58ddd490e6401f
R_Crushed/RC_250.jpg,R_Crushed,train,78132,4e54f7348438ccbcf3ef714d81bfbdf04d77a1255e3d7eccf6828ca99191b772
R_Crushed/RC_87.jpg,R_Crushed,train,179664,8aaaf9f4bb6e699801f039a1bf78e5e148677ae223edcc17c7d1bd14541c3012
R_Crushed/RC_167.jpg,R_Crushed,train,155082,8f384e86d9784a0966e8569491250d88cfae7ed37d5a6c3349756655ee2228f5
R_Crushed/RC_36.jpg,R_Crushed,train,144810,0be7f35ba8a18892ad638e66a2e24d295dd49f53de266f17ca2885243db70b20
R_Crushed/RC_178.jpg,R_Crushed,train,253295,13ed2676cb63c94475ffc9e0201841223a1c1cf6237eecf1ba9f228e76df3bf2
R_Crushed/RC_280.jpg,R_Crushed,train,116540,29bba9b380f7bf7fc89ae38f8ae4254cfd574e317887020c64783e3ecbf2a545
R_Crushed/RC_265.jpg,R_Crushed,train,142381,2ec26f0ca6a7d8bf5a28eac8854498ff5b9898eaf2a9525c9ad265f8eba781d5
R_Crushed/RC_125.jpg,R_Crushed,train,124727,57181e7ac9e1e9d29b5d012eb6ed0c5abf23d778156a14f5553d9f7bc37a4406
R_Crushed/RC_100.jpg,R_Crushed,train,211407,3ae2eee79456738a343bb2120e22d0412ecdc572af982adb769fb2631a0e0d8c
R_Crushed/RC_226.jpg,R_Crushed,train,277347,68b0fe272dd890c47768611fcade7fa422be9fddf7407a508c35e6acb7bbb5f4
R_Crushed/RC_157.jpg,R_Crushed,train,154874,4df3da63aa8e9153d6bc68596923dcbf27c206f52370ee0743323567008bc239
R_Crushed/RC_65.jpg,R_Crushed,train,155419,13187cad724110651824c05d88014b6c2f2a461ea1d9bb0edbcdeece59f31394
R_Crushed/RC_86.jpg,R_Crushed,train,151982,9e36f020037ded99b2e858d6949e350003e20311792a858b8508a215b24c6dad
R_Crushed/RC_249.jpg,R_Crushed,train,176887,3b5c822bfd6b66a418ccd96ff4029ace83c7b0319162d7844f06b031de7c68e5
R_Crushed/RC_76.jpg,R_Crushed,train,222183,ceb4a67191dbfa0a8fcefb724ef6490931d88965d6dfad82390f5a358c0648cb
R_Crushed/RC_188.jpg,R_Crushed,train,150350,f85cf0660cc8d8864c385c30c44e674f146493581b2de3fc87f63b078b074c42
R_Crushed/RC_28.jpg,R_Crushed,train,160775,00ddc033900c76257669eaf6ab7871c3cff59c2a110be5a84c88d5799d776863
R_Crushed/RC_236.jpg,R_Crushed,train,134655,979f6cad7de6c15e57d304220319770574e7f371a8c25785622d1a3b9c33e156
R_Crushed/RC_197.jpg,R_Crushed,train,164795,f743fa76d586150f3df65008c65cb59dcf9ad16d989675966097fc5b74675c9a
R_Crushed/RC_60.jpg,R_Crushed,train,197985,712e6d19389f6b65919187331ef9a8f865c09c980a3730179589bff0c1ef28a6
R_Crushed/RC_243.jpg,R_Crushed,train,88385,1e67bf3f6dcdf2d161a28fbfa08a79506aa66e39b55dbc68d2e74beb1281ca28
R_Crushed/RC_134.jpg,R_Crushed,train,144228,2dda8b3f3d128c61e67bf8f3b074b8fd622de567f61062bdf5f1f7f62ad8a455
R_Crushed/RC_124.jpg,R_Crushed,train,80331,8eee9a74ef172ea4b60fc8c7628a508ed275c124750d0c80a4fd17a15ee1abd6
R_Crushed/RC_98.jpg,R_Crushed,train,114382,b38cbc27a521db76e41154cd76dfbe6cb35e3853e7c1c108663195cbf12c3863
R_Crushed/RC_12.jpg,R_Crushed,train,117320,bff1199e9890e0f4fccee630c7ff40dc02fe231c08cfd1fa43d743887b333c21
R_Crushed/RC_212.jpg,R_Crushed,train,128930,1c6cb1e9b87767b8723756363768049cd30d6c74cfa26363ee8c94ad56f44d94
R_Crushed/RC_216.jpg,R_Crushed,train,101149,6c4653eb3856b6d6093bf02470c64f70def551a0ef6a34c5d7d72cd16ad07bdf
R_Crushed/RC_268.jpg,R_Crushed,train,135768,40da7795685af3dcf8353bec1341af634b3917ef1969ad8ab5c143e913877280
R_Crushed/RC_29.jpg,R_Crushed,train,143031,661c9ad1259974efbfc65de81b2a892004ca97e4e164b57d0a1fb722e1947971
R_Crushed/RC_182.jpg,R_Crushed,train,497092,42d29c3dad933da1a2d8bd01b32c3c211f525ff2b93167aa744e7564347f0e7d
R_Crushed/RC_281.jpg,R_Crushed,train,171715,c52d6476e3bafa3d8267ffe48c8fe6ab93b5c37de8bae56da875359a22293916
R_Crushed/RC_263.jpg,R_Crushed,train,184692,a5033ab2cb4ba5dc5b9821f575a62ae58dfdfef45e4a223c86751b935e4bce12
R_Crushed/RC_198.jpg,R_Crushed,train,229083,cca363d7e13c659d09286293e3cae6d05cf1b3ace0e78a5f10c0d65998b7a848
R_Crushed/RC_233.jpg,R_Crushed,train,125869,e706485cdcc09d44e670f3301d69c003396cbc0eb7936c61b84821afa8d770b2
R_Crushed/RC_269.jpg,R_Crushed,train,220886,170c494548aa07924f288e58f00b5dbbf86c05f17825bf2cff710690b7f4b08e
R_Crushed/RC_222.jpg,R_Crushed,train,111445,699ebc1c8fc3b4e592cfe80cfcf893ce850fe4a1eb1d8602ce86df388dc3d19c
R_Crushed/RC_228.jpg,R_Crushed,train,158785,2f3c701703603c746c8b1a9b07e5b89b72b557f9924dc708684fa1a910054eb9
R_Crushed/RC_62.jpg,R_Crushed,train,183752,9d34fa672e4f9748d422db1519edde2ae7ee8b22ed17bbc0381f5ec499e1e0fd
R_Crushed/RC_130.jpg,R_Crushed,train,126257,755a13ddfb0d5169aa17f087d95d046cb1e9dc2c0b9ae2c83b61132ab1cf3294
R_Crushed/RC_16.jpg,R_Crushed,train,163890,bcf2afe8eca7086908cbffde8159481b5689cf50ab407825e4521a9d8a338740
R_Crushed/RC_131.jpg,R_Crushed,train,97309,b5b02d2195f703fb1fcdfd27cf3340d99cefee46519aa629d0105f2ab6734cd6
R_Crushed/RC_204.jpg,R_Crushed,train,80747,624e476d38dde8e39f9c6007b9173552760f2165990b71976a77bc65bbd67cb8
R_Crushed/RC_247.jpg,R_Crushed,train,132150,62c9dfc3ef189fb1d0f6d6e13f38e929126e91a500b3d2388fe2c9abcc8a0c07
R_Crushed/RC_83.jpg,R_Crushed,train,190577,56e508228baf71085b12581c39e6d84e3a6b1caceb8539be76f6e5e620e529ea
R_Crushed/RC_213.jpg,R_Crushed,train,204083,932af8a6ce8c97497a9e15cbfb941f80e507beafd49f1e742e9b9a9c5befd6f0
R_Crushed/RC_25.jpg,R_Crushed,train,63818,67c391d3b95a0e4fb808eb5cc79d9c8435daeaa6fcc678d53bb438a10b2a1dab
R_Crushed/RC_279.jpg,R_Crushed,train,118426,9e8cdc160d138341cd1ad3307efed030f3306df49f5c4c1b751a237ced8afb5c
R_Crushed/RC_282.jpg,R_Crushed,train,99244,c0179cc68da4fd8d07611f700c99e9a4cdfe5a6df28aef536dd9cc167698810c
R_Crushed/RC_67.jpg,R_Crushed,train,96077,7948e42df22a7779e5f30295407b282b65ed04996eadfc53ffc41716218fe9e4
R_Crushed/RC_23.jpg,R_Crushed,train,174192,a9d45087c9f5db14c49ae84dc3bec7cdc46e72a38114e0b393f227dd4470587d
R_Crushed/RC_148.jpg,R_Crushed,train,128184,07297bcd2ce85137724f2145f2db1ce11ec6817700616bc747001d508aa6793c
R_Crushed/RC_9.jpg,R_Crushed,train,281881,174f1f9bd0d54d741c04db98b3f201273d01988affda09a433a07875043f5b3d
R_Crushed/RC_8.jpg,R_Crushed,train,263894,555bcb7e40822560cfccecbe575c485a8bbecb28122acc64faffb51ecc8cf363
R_Crushed/RC_191.jpg,R_Crushed,train,116631,74956bf09ea6a9d56ac84a3892936cca3262975a12a1386907d5cc1229d829b2
R_Crushed/RC_171.jpg,R_Crushed,train,100640,31eead62e30df7f463f684c461615c1ad2976634754ee16c8013ff58f46b1d72
R_Crushed/RC_106.jpg,R_Crushed,train,113236,3bc649df3d862dd49881f937caf3144b49d49973113f1904f84db310bb30809e
R_Crushed/RC_52.jpg,R_Crushed,train,29631,e0a4d00950324a298aa06749fe1b7d883ca8f6d9baeb6b236c16a829f8d1350c
R_Crushed/RC_111.jpg,R_Crushed,train,153010,77b8c21dafc2b0c0f7e3f362bfb3de9259bdb696223c448c41dffd5132f7b87f
R_Crushed/RC_278.jpg,R_Crushed,train,169808,5a5c5aaaf3084ea3b25f40cbe731481a9520062e08d67e62b9881add432d2aac
R_Crushed/RC_276.jpg,R_Crushed,train,100644,d725e4f14ea04c2473c5819bcb05c3258360f74c28e8019edc245b5bd8c20a4c
R_Crushed/RC_174.jpg,R_Crushed,train,88368,c1e2ed4e81d4286d66c7090e979bcc0b8a8aedc08e6cc68dfba4a461278728d7
R_Crushed/RC_257.jpg,R_Crushed,val,106996,6122fa3690bc3670d8fd861065cb208ca9987e3d5ba92f5c17924b9c13bae454
R_Crushed/RC_15.jpg,R_Crushed,val,207953,fb64186a9f7a09e05adb63b2a4ef6199ea86f470e103adeabe133430c0bb5811
R_Crushed/RC_74.jpg,R_Crushed,val,267588,a1f3e595deaa256404c2fd35a4a2bc87a7b660b4386058fe7d999c41bfa1b43e
R_Crushed/RC_66.jpg,R_Crushed,val,131006,f194d37c9208340bcb6b105eaf1e9b53d63abe8675794ac2bc35a960a0eb4167
R_Crushed/RC_246.jpg,R_Crushed,val,191621,b274c5114ef1752e0b0b6817a2c5cf4b52c2bfb4f1cad573c68bb123e05e2a30
R_Crushed/RC_161.jpg,R_Crushed,val,243734,d8e3b11ce86cfed7f74d3e1c97f3f634f3e7c6e31aa77f39aee1cf1af3b0a269
R_Crushed/RC_45.jpg,R_Crushed,val,73581,d6784d287bdf8184e375be8f402b84fe09f21ff57fda24d894f8297a10ba6848
R_Crushed/RC_205.jpg,R_Crushed,val,217686,fee60151eef082e2cec7dff3046bc8980a0c74bf8f8dbcf9f167b685c117d2d2
R_Crushed/RC_4.jpg,R_Crushed,val,121946,997c4663c3f86ba0e037726330ca5ae0aa9e9846bcfee37dfce5630e35cb7298
R_Crushed/RC_155.jpg,R_Crushed,val,56806,31adbd71e70082e0c261ff1156bb64e54fab37598c7bb62f0cdcc084c8b2e74d
R_Crushed/RC_267.jpg,R_Crushed,val,70647,764e78885da6b9e724eb81fdf58201c1d02382e374e9f1b6d173f88e89b92964
R_Crushed/RC_221.jpg,R_Crushed,val,185086,92aaa5e0e65fb36b343db85f04dd42a7740c9907dcad5b67e50902386d86c935
R_Crushed/RC_138.jpg,R_Crushed,val,79282,721cf9add2b2eeacdad216bad7fdaa066e3535d7f6f40276d49e1ea7f516775a
R_Crushed/RC_42.jpg,R_Crushed,val,116034,e465eb37807c4ee072c16e22eb14b90f986c3e7ae27b301cba9b6943bd8ce00e
R_Crushed/RC_239.jpg,R_Crushed,val,148034,34729bf0e5da16712809569f01c224db1ef5c2157d485459ed65a2fd9c9cf6b5
R_Crushed/RC_115.jpg,R_Crushed,val,122644,cab9d5699b05bf24627a99ae8675ec95902d8192325ee034342796c1a6ac6b83
R_Crushed/RC_248.jpg,R_Crushed,val,159216,4a54dc657ac26fb1d9491f513dccabbbfbce1e645e4e9f5f5751a50dea8df505
R_Crushed/RC_75.jpg,R_Crushed,val,146007,0cc9ca09816a268150e088057899c4346b95f49e1795d2909ca8b0d78f1ad42a
R_Crushed/RC_260.jpg,R_Crushed,val,73688,1ac1fe4ad33173d86d740b28d9d3143c09834de1679daecd445e7917986c0c6a
R_Crushed/RC_160.jpg,R_Crushed,val,163783,a89619062adf90620f71a7932ef70d680995773d866d375fd93f19259fa59316
R_Crushed/RC_253.jpg,R_Crushed,val,83522,a781e35f82fb35db82167547f3d1cbaa0f012f19828cd37b6466401250b33786
R_Crushed/RC_147.jpg,R_Crushed,val,93788,10e2fa84d308bf90a7a1e81cc8a876cd5806e80967fa078c2acc702779b59984
R_Crushed/RC_180.jpg,R_Crushed,val,138165,82390a9d1c92d711288c0cc3737daa4e5e6626af70d5aa8442cd03fe3343da9d
R_Crushed/RC_184.jpg,R_Crushed,val,218501,96729d567b581a32717b9ac4626d4b4b91d57d66ef0e56a6e064531d2e04fbcc
R_Crushed/RC_136.jpg,R_Crushed,val,391286,877bdf4e4c4cc1743806f25847f721e46a3a9dfe8b5d2bd75f654cc8c4d3c139
R_Crushed/RC_183.jpg,R_Crushed,val,146876,8ae1fa0db4568efc208c1cdffdf5df76c168ad1a5db13614f10fa9a77c32e129
R_Crushed/RC_291.jpg,R_Crushed,val,116492,f7754e6777fb0d9150d34e0949af323b6a88f569fa57083198d3fa8f070ed445
R_Crushed/RC_245.jpg,R_Crushed,val,77792,58c8b536c17ca12a0ebf6542219a6b08be8d472d7761d09d199117877ce2fc7a
R_Crushed/RC_203.jpg,R_Crushed,val,117740,ebe6704b27e0cf7511469f7aa9d7b51871228d280f95ddbf72596515570cbaf9
R_Crushed/RC_94.jpg,R_Crushed,val,166196,9900eb4af681d7f5babde0c1f71b0581b5c3290e09eff2ae15dc2c3d5b569e57
R_Crushed/RC_187.jpg,R_Crushed,test,152048,d56f439e8f6ff8fb9603767a5551f69199285c27106d7063b3eb6df5494d58af
R_Crushed/RC_121.jpg,R_Crushed,test,69793,05234b745503992f423845d9b8dcbfd80f85ff394796a3b09d3135199390fbc5
R_Crushed/RC_299.jpg,R_Crushed,test,101014,7ebb7f091207964e02e4cbf0dc134198ee4e127fb14e3b6a53976becd6451928
R_Crushed/RC_152.jpg,R_Crushed,test,258822,52fedc6b6021127d626102d85afa6e40230c76a765c309b5ba13ec4c49eaee75
R_Crushed/RC_296.jpg,R_Crushed,test,169421,fd39df09436d9fe39f7e9be5a94253759473fa56321053eb832a46e689101eb0
R_Crushed/RC_117.jpg,R_Crushed,test,144651,3a7a406b101c2673e864200a579747ecfb863259035b26da094f9da8b2685a8b
R_Crushed/RC_166.jpg,R_Crushed,test,217689,eb67f263603ef812b61f205445eea046969d148a6e807d043348957b6c41b159
R_Crushed/RC_277.jpg,R_Crushed,test,236152,480d9877d2c3c2c7d7dfe4b20c9683f0a0ed8895f29e9d66947e20427d568d41
R_Crushed/RC_151.jpg,R_Crushed,test,129306,8d8bc177453bb5d55b0875f4eba71486af2869b79bdb3c8ce83f066b3bcab912
R_Crushed/RC_251.jpg,R_Crushed,test,136773,a7019a9136d512c25b9e8e8df8978b6fbdf7dc86721fb738bb96831db309dc1b
R_Crushed/RC_109.jpg,R_Crushed,test,218825,cf621b3c71b52d74e2cc35228a263f417bfb0dc53fa012cecd108a760fbf4ab4
R_Crushed/RC_114.jpg,R_Crushed,test,174244,3ad5b1b042a360baad6338f6a358399426fcc0e7cb481fabefa0b10d70c9bffa
R_Crushed/RC_261.jpg,R_Crushed,test,132915,c90dc07be167640d022728e9d68e488a5fa9faca449307da2806c6f4914c0ce7
R_Crushed/RC_68.jpg,R_Crushed,test,258608,ee915acdd2ed497f52b31955fea98d17b7eaa215bd76d2772dac985a6efe4045
R_Crushed/RC_231.jpg,R_Crushed,test,104890,0de8bb5c6fca10e8a64029bf95c2da71f0e3239d06388494ac955abb598978be
R_Crushed/RC_266.jpg,R_Crushed,test,140392,0f3bae7df634668128421bcb9ab1b5d9fa59506bc2b7f57dd63a9beddff5af11
R_Crushed/RC_234.jpg,R_Crushed,test,156381,b377df27d744842688fe948f367af94f76e77d591b18999667297c059da77d0a
R_Crushed/RC_135.jpg,R_Crushed,test,206126,24ba632b178df2a9fde3506b7047696cf6eadaaa96f567b3f5749bdd32cf634c
R_Crushed/RC_273.jpg,R_Crushed,test,145828,5bda5d406555db43f009f897789f1635917e69a3e6709628d81860cd3ad3333d
R_Crushed/RC_156.jpg,R_Crushed,test,170418,ddf68441387942cb73d9128c5a047b8fc81fdb20e74d3d7c1ec02553dfe0b970
R_Crushed/RC_40.jpg,R_Crushed,test,151047,40b3d3eda82d15d7c1c752c223a5fc2cca5839f26cce3947080d1fb1e1aa4063
R_Crushed/RC_119.jpg,R_Crushed,test,188698,6ea43b2dc7331484b50cb146f82f251da042e33bd3e2d14daca97ab58acf6a11
R_Crushed/RC_220.jpg,R_Crushed,test,78710,fb56b16ba607c0646db59f620734ae7c751c8b3b8c80fd9c4dcc96aba1f8b5a2
R_Crushed/RC_258.jpg,R_Crushed,test,147690,3b52c688b59b01bb224d85a94688e86e5c4aaff349bad1b3b05ef6740b2d04d5
R_Crushed/RC_264.jpg,R_Crushed,test,147782,7d6f1c6103fd51f2ffd35eda2fbb8026ec52a5d48675b72d0ff4bcf7df7af828
R_Crushed/RC_143.jpg,R_Crushed,test,108649,952c0c385c878f7115e9eb08a9435b37dc65e06a35a2beda667feeee797c280c
R_Crushed/RC_274.jpg,R_Crushed,test,57935,b6be3273c0387bff4d6f441d71f43fefd14cd1fce0b29f16d1a62fc7c5776024
R_Crushed/RC_88.jpg,R_Crushed,test,190248,c7078ed9ca80bb7487ee147a56226b1908578646f1eec7fae8501204c715df61
R_Crushed/RC_93.jpg,R_Crushed,test,121335,9bbf07921d58670e7e64322cd911840adf7823bccd69d6dcdd6aab7a29ccf158
R_Crushed/RC_254.jpg,R_Crushed,test,83824,948bd485d005429f25654ef222c9b6f39585038227e078a308e34cd1e8a1e98e
R_Crushed/RC_199.jpg,R_Crushed,test,165343,c44bf40fd51b97761eeb3f423189edb5829efc335bf6b4e2d74aeebd99e5a127
R_Crushed/RC_170.jpg,R_Crushed,test,147200,1cddb5a1d9f2c5c6da4a04ed586feaf3e95b7c109ac5f393f147985ae3eaeb78
R_Crushed/RC_79.jpg,R_Crushed,test,158730,d5611800708ba0fefea06cf89171394b6b251183bf493cf221ebeb2802c9d50f
R_Crushed/RC_256.jpg,R_Crushed,test,112337,e5934061e08b42b1a333189f5d0dc61acfa3659a05f721bb2d36f69b53d57f5f
R_Crushed/RC_90.jpg,R_Crushed,test,76461,cec5eda26f57180f57581e049a36e63176017440cd7c8ddfd214f2d755d08434
R_Crushed/RC_172.jpg,R_Crushed,test,110874,67a7e6cefeef76975181a16404d877b1f2c31b694fed241dcbc40799f9026190
R_Crushed/RC_101.jpg,R_Crushed,test,115649,df2d26b2b897d0a1720854a57a6d0a7098c51dc5bf5c2a45446a8ce1e4285541
R_Crushed/RC_227.jpg,R_Crushed,test,117522,610866c7148b220f1f9bf5625cf8852e74ce470d465aa42b758ea4f625968798
R_Crushed/RC_35.jpg,R_Crushed,test,166400,e7ae5994517a14c25983ed7e3835db70592c7d80394c4050f9eee0ceb98105b9
R_Crushed/RC_20.jpg,R_Crushed,test,126685,0d87fd3b0106c893c025e123c5ebada4a1bec5b84844a7afc678be42ca14294d
R_Crushed/RC_292.jpg,R_Crushed,test,161126,3868112e6965ccaa3597520d6e1ff341cde6bd96dcbf1a4ae9826734c8b8e3ad
R_Crushed/RC_92.jpg,R_Crushed,test,92874,d7d67d6e8877ed75d46795fd169bd2afddd864981eb62b985505c3f1585fb67e
R_Crushed/RC_190.jpg,R_Crushed,test,138674,2690c6ebd29729bd9502db36a20cc67c984fb6e4c3d65c6f7db35322be462553
R_Crushed/RC_110.jpg,R_Crushed,test,107842,399eae56a54a81e2e6b00641227414c95c1e3b04934bdfa62ac838ce3327bafd
R_Crushed/RC_61.jpg,R_Crushed,test,145113,30884b27123192552630648b6549a41c7b7f351898107c8797a527f61bd1aea4
R_Crushed/RC_206.jpg,R_Crushed,test,132079,d82a1921093befb7c28b5fe73a659f8533d3f88e393f6a223bb4ba488eb69653
R_Crushed/RC_2.jpg,R_Crushed,test,90027,f82d25824a16b0b2696614646ab2780c04bac47d8592473a01949bebcf0884ec
R_Crushed/RC_141.jpg,R_Crushed,test,173201,02ea731f147160a924de732d3ecb9ac7510a19b959941f73c76295723905bbb3
R_Crushed/RC_112.jpg,R_Crushed,test,177597,993a542d3c4b82c77f113292c59baa601c1ca38af87585ae31890fbf5926ae2e
R_Crushed/RC_113.jpg,R_Crushed,test,139239,7b3504655bd3fcf9fc4143bfed077e5f40e48b1834e4d3f967bf77e8015f93fa
R_Crushed/RC_294.jpg,R_Crushed,test,125862,235c5bf15cc15690d898bcca58b6e46e2e359764a5b4b08fcb59d3ec862b5c91
R_Crushed/RC_139.jpg,R_Crushed,test,41150,fb13099379a212960b4edb2001f7304025e89bab53cd29c9c917d462c7045029
R_Crushed/RC_80.jpg,R_Crushed,test,111966,ed65e798e7bd07c9177dfb4d48eae58306d5cb953794ad71037b3fd60da39d93
R_Crushed/RC_146.jpg,R_Crushed,test,188262,224e40186450bf36aa355492c5b9ab8ff4e4fd12af74e166f5f90b8e0ed9f333
R_Crushed/RC_163.jpg,R_Crushed,test,399507,d3d463a4571803fe3f3e87bf4244e4aa261c1187c5d5965d2b685d53e90da711
R_Crushed/RC_201.jpg,R_Crushed,test,171058,c25d8cc31a85888faefe15d171ccc15ac4c81c868855f72fd54df1f772b885ab
R_Crushed/RC_211.jpg,R_Crushed,test,97124,e94376092d2268c4175fcf8aaec3dc3d299fbe2deb60156bd94d884a16c71f6e
R_Crushed/RC_225.jpg,R_Crushed,test,116389,17ec63f9655f062a4c2b282b443982afed0512ba37aca4eae53a72283c3a8e65
R_Crushed/RC_11.jpg,R_Crushed,test,178754,579903d7875726497523241e494fbb1aaffe16128ec6f1c74630a173fdd8393a
R_Crushed/RC_150.jpg,R_Crushed,test,86706,1ca601c9d0e175f828d86b22ece1513e9deff608b1fd538d208b50596bad8e9b
R_Breakage/RB_195.jpg,R_Breakage,train,221082,4ffe0639b3c358f45a4056db321e3ac4b2cf124d4deb1026c48bbd9670ee75fe
R_Breakage/RB_42.jpg,R_Breakage,train,166913,82b5e36317afdb34e63de1c5e257fe1c431c9d6379610a3d054dd8d1cb73912b
R_Breakage/RB_132.jpg,R_Breakage,train,159159,854915c77bcc3e62cffad818d5d1befab52be59f1d2d1e7b7ba6b395666c8056
R_Breakage/RB_18.jpg,R_Breakage,train,141471,1713009be53da11dbb5db78eb8a405deb222debcf32fe71575a120387a112d3e
R_Breakage/RB_128.jpg,R_Breakage,train,93846,485e26e1f2cbef52fdb3734acc7edca59b575cd08be27e0aec5a6f67424efcb7
R_Breakage/RB_52.jpg,R_Breakage,train,132691,e7ce23316fee3a5dcc458ae30d32e4ea1061d77d951070f1d17b310a604aa041
R_Breakage/RB_274.jpg,R_Breakage,train,165751,92fe81c543cb3a0da45d1785bb3ae64138f8508f5e14f9722bfb4d966809d6ed
R_Breakage/RB_208.jpg,R_Breakage,train,96100,be24476960f949d87d6a2804a886c7fac3983f4215f649cbffe4f3af02de8fdc
R_Breakage/RB_116.jpg,R_Breakage,train,98989,de79bae9f02f432a1785b0df62b27d3c03f3e2f1e49fb630f5c59803469e2c07
R_Breakage/RB_303.png,R_Breakage,train,4117846,8618a7fac6a3b615d179a9bab73d70c878ddfd0f04264d3870e22b4f9b2782e2
R_Breakage/RB_120.jpg,R_Breakage,train,169495,d28a56284f5cce5339c8e8ba94ec1c569b45115053b34814505b7f854b7e2f1e
R_Breakage/RB_95.jpg,R_Breakage,train,149314,99d3479bbbb19a702ad55d853937a804da9427fbb26938ef3f60548c39a1fcf5
R_Breakage/RB_192.jpg,R_Breakage,train,75523,c69c1646d236429ae37c8440dc5ce5d43726918687816ada656e9e7f78e43d34
R_Breakage/RB_3.jpg,R_Breakage,train,137118,b1b843b542a79fd34a2c965454bcf2f74f5ea02dc313008cfb01c9c3a224b78c
R_Breakage/RB_286.jpg,R_Breakage,train,166486,ce282cb9f5b0ef32c7ce0c81082c00726ca4b1c3a1b0f773618c3900749cb182
R_Breakage/RB_97.jpg,R_Breakage,train,67850,908af971255354358164f9feae481d3d37ab7aaaa6252695259b776f7f2ab8b7
R_Breakage/RB_91.jpg,R_Breakage,train,129865,bbf072a09a1a8f54b52c744b0ace05bf9a79368094f2bdf035ebfe8da6293228
R_Breakage/RB_133.jpg,R_Breakage,train,88463,7d72b320b7d01c307a299b12628db33b14daffd8a7dd4cf38501f706049fdf76
R_Breakage/RB_242.jpg,R_Breakage,train,267522,4feab78ad022bb69f85446ea657aae744fb6910680ff03696df476fd4ee8f169
R_Breakage/RB_256.jpg,R_Breakage,train,231300,75f171993034573bd51ca46d6a81469dd13cc44788276e69269529454208db41
R_Breakage/RB_48.jpg,R_Breakage,train,123354,6c818c0763440c465b4602dbf642914421123b38c4d576d991c9556ba446a9d5
R_Breakage/RB_10.jpg,R_Breakage,train,105214,a33483793389f785f9c442db0b48ec6dadd87df4a75755d959cb0da8be07f63e
R_Breakage/RB_302.png,R_Breakage,train,5183015,66c4c830d364972d5a72f0ebdd917252c821bf91b8bde63075637bc4dd302ddc
R_Breakage/RB_53.jpg,R_Breakage,train,153642,6de5ba12e9167aae2543deb09ab9ede3e0e0fe5a79da46d587062024d0418a3c
R_Breakage/RB_23.jpg,R_Breakage,train,77796,4bebfac1170ba513ced361b8624906a2f9545f82b7828fc9bc8756ef2c78cfd4
R_Breakage/RB_22.jpg,R_Breakage,train,84576,725f52b2d10bda969467233c9a5e197f863af0dcade44f5e130c634c92f94763
R_Breakage/RB_49.jpg,R_Breakage,train,256962,5257e57d09a1d91531fc804b7113413ab0263edef260be2e79e4cb0e81099979
R_Breakage/RB_287.jpg,R_Breakage,train,127868,17cbd9431bc3adcb9aed9317e3a110f72d1817bd933e5260dbb91f73b41b497d
R_Breakage/RB_177.jpg,R_Breakage,train,151972,cef569807b26e0e7b5066007bc6d380052d2d613d386687e321ec98857d1827f
R_Breakage/RB_103.jpg,R_Breakage,train,180771,eeb79a9c6d71657f8f6ccc5e6fca1940ed367ae770c6c97ab5423a4d89143c4f
R_Breakage/RB_84.jpg,R_Breakage,train,107610,ae8f976b782f5833d61879e5f55b01d3b4e10a3dc58b223aa982f7d791202e49
R_Breakage/RB_210.jpg,R_Breakage,train,87819,dae570b494e2cdfe6930bacb684acdbfb74230672eb8090b29cbe8db7368e6db
R_Breakage/RB_272.jpg,R_Breakage,train,185081,13ee0c6657d5595f32911f89e55168885354191b8194d4fab4bcc08254578779
R_Breakage/RB_13.jpg,R_Breakage,train,105135,1bd28b51b9a142d9d1458f830cc13574a5cbbbd3e1bfdce4cba79bc64e7dcbe0
R_Breakage/RB_35.jpg,R_Breakage,train,189003,d3f3921202b5837cdc0932f4a1311b3fb7c667c32bfc2896c85c7d48df822365
R_Breakage/RB_264.jpg,R_Breakage,train,158027,a8222554508f88c7e69de8e8cb46882b1698850ef20b5f47d0f69494f92ce6ce
R_Breakage/RB_54.jpg,R_Breakage,train,169289,e2faa6f2891f57c06a86ac53e2f0684b5f761d27e1d2f3606f3b85461897e7a0
R_Breakage/RB_196.jpg,R_Breakage,train,187307,1aa00286be74795e73a843a7357626004716d8fc8efc79f963507541bf585fc0
R_Breakage/RB_202.jpg,R_Breakage,train,156113,ac93ac7b13014eceffe2b5638932895a4772897653be5b96657beaeffc638c0c
R_Breakage/RB_142.jpg,R_Breakage,train,258687,69be124396ae266f8d937b05e58bf76b9c43392ac6efea546b0b5e84ced858bb
R_Breakage/RB_55.jpg,R_Breakage,train,77697,3790ebbf04a82f1c4f1834a2ac651507204e731583d5895f996fd0bb3a6434a1
R_Breakage/RB_45.jpg,R_Breakage,train,196919,4e306883ab4a7fcc4bf3b7166422deee7c77ac471a09f1994632bf8a8e3bd4b5
R_Breakage/RB_78.jpg,R_Breakage,train,112296,73fd022c0a2c92e03a729f1c174f2dd353d8385730a168baf17a98c12a05f581
R_Breakage/RB_165.jpg,R_Breakage,train,117699,79e394be9322f0cd503ff2337e35758209a892b79b8bcb41436592ef59a4d26b
R_Breakage/RB_70.jpg,R_Breakage,train,142264,5591c869172e071fb7a837be798370e479cd7ebe68156ae5f243a067fa0d30da
R_Breakage/RB_19.jpg,R_Breakage,train,93725,1302bfd74a44797dec0bde6694c2f1cc76ebaf0f4184cf8b40ce678b59ea62c4
R_Breakage/RB_64.jpg,R_Breakage,train,165448,8a678be952f0583691466b995c49c6d6b1ce850a5b743a2aefdda437a1a3cc28
R_Breakage/RB_243.jpg,R_Breakage,train,155937,b0d67de520d4997008b1bb70032a809f5559dea1fc7a441a3f37a6712522b869
R_Breakage/RB_289.jpg,R_Breakage,train,150930,48d9824bc6ea06d1a4a52a5d4036bdcdd1c54f19eea0676fab921a8ce7d2b81f
R_Breakage/RB_149.jpg,R_Breakage,train,127643,f3344ee4c2489e62daaedea9f852c47d63eff85a6069b5b15692272159a90ec9
R_Breakage/RB_104.jpg,R_Breakage,train,148023,dafb1d694044c32eb803602ef64feaad2ffa90e76d3f143b4ab995c996d18070
R_Breakage/RB_71.jpg,R_Breakage,train,191396,542c2a8f4cd3043065d2c951fd782dd9b51660593831b000d2e0cff56ff97d94
R_Breakage/RB_122.jpg,R_Breakage,train,129461,6688b22b73916cbc02fb62d6c4f68bc6fde0085173c40fab63d00f7dd3d5b140
R_Breakage/RB_37.jpg,R_Breakage,train,197985,712e6d19389f6b65919187331ef9a8f865c09c980a3730179589bff0c1ef28a6
R_Breakage/RB_200.jpg,R_Breakage,train,136383,1b51e2baebeb1e7774a5988123e5ba90be51d832f606c29240169d27577ac4ec
R_Breakage/RB_225.jpg,R_Breakage,train,161808,b49f2dcb75e7a04010d88f83b99cfd3f7339453a5298cd18867a89cf085d3eb0
R_Breakage/RB_238.jpg,R_Breakage,train,102534,b9832d28b201fc8b4ea6cf3b0db5efacc892bfbe90e31757bdb523c6cd7b3187
R_Breakage/RB_194.jpg,R_Breakage,train,105272,d0e6b6d6f5873d3b0d4135cba219e92879a4a7c07fc839172ed99976de3e0526
R_Breakage/RB_85.jpg,R_Breakage,train,101640,1b19d3fa28d9fe61d3fef287d1a06ea9751b8dbd6ded57b579c05a72512ffc32
R_Breakage/RB_271.jpg,R_Breakage,train,277472,59867fddd864a300157b0f4322404f814aba444094c198934da61b4024b0508d
R_Breakage/RB_36.jpg,R_Breakage,train,177547,cc182d495766349227d63a0af0a4bc016864347db73bf070bbd3758a8cc0a246
R_Breakage/RB_46.jpg,R_Breakage,train,102178,dd06f6c89b4f0b197575feda4d8411aa124ee7bcc0e32b51fa39892111e460cc
R_Breakage/RB_140.jpg,R_Breakage,train,127989,c8ceea8a4de168bc7af970e1d519cbb99fdea9241b3c061995aa40ae76a0c584
R_Breakage/RB_6.jpg,R_Breakage,train,161956,514d09671ba74a984ef8882bf3e506a09ccb60e48d8c28a77900252667001366
R_Breakage/RB_32.jpg,R_Breakage,train,79370,4ec8b31b641fe9448dd6f6598077a647f1013675e5240702ee03878dffec7d95
R_Breakage/RB_297.jpg,R_Breakage,train,164819,f67a4bee7a61556aa8de404ebcd81dd261f5d432927e4aa31dacd0295799b5e7
R_Breakage/RB_4.jpg,R_Breakage,train,209318,d2231b8bc69558518a28553a7ea4dc1ad75f860fc2ea620cae0fdd5e90d4f75f
R_Breakage/RB_219.jpg,R_Breakage,train,226981,c5ffec1f3dc9506e8af83a58c91ad2d518100e7f7cbde4faa756a9e1150e53c9
R_Breakage/RB_158.jpg,R_Breakage,train,157231,acb4a77e621e249e58ddb66d064073c308084b9b6cb58bf44ccd6722aa65f632
R_Breakage/RB_288.jpg,R_Breakage,train,70983,5a834e850a9f9ef1a28189d180fe790b127193081c471f308d283f64c591760c
R_Breakage/RB_137.jpg,R_Breakage,train,138278,bac5464a663af436519523dce39b25f10e15d325e4cbc5566160841c81bd9c5a
R_Breakage/RB_218.jpg,R_Breakage,train,134488,71a6ee0fb573d17ae92695b7d89246069353caab4fed7519de7b98bfe812114e
R_Breakage/RB_72.jpg,R_Breakage,train,133187,66a50c2fc1be6c161c3643ad297fb6dad398599b4b629c9d34c3dec0ef60098b
R_Breakage/RB_73.jpg,R_Breakage,train,158819,35a2f5caed515e36bb563752fed56a35eccfce9d8eaa28e403dc5ddfe276cde1
R_Breakage/RB_31.jpg,R_Breakage,train,124266,1e1cb73959fcdd4ab32a00ad7000378445d56bdcd89d84c3f6307cd100967a4f
R_Breakage/RB_107.jpg,R_Breakage,train,122308,d4a70b28b2e34c8881bf62ddb0ac1c1d4214202305f09f94bffe03d74fa11b36
R_Breakage/RB_220.jpg,R_Breakage,train,236782,878dd263ff219fa3afab50a30a01d30d45f113a52f8523cf51b6b0b15e4cbacc
R_Breakage/RB_189.jpg,R_Breakage,train,108701,94be28427dbff1bcb015d525693ca98e78ca692261db648c774235718227bfa5
R_Breakage/RB_77.jpg,R_Breakage,train,125391,c6c0950d8174fdaf45c94023673ec96219e7b9f58007c2035720262cf6dddcc5
R_Breakage/RB_240.jpg,R_Breakage,train,111953,a22d7bde412ba9ce40811fe8f5507dc9472ed26392e8aa3b56816b8dfdd846b8
R_Breakage/RB_69.jpg,R_Breakage,train,118502,bf7de792d9655babf3e7773d5e4938230bc0afea53b3764b79d156226abd3d8d
R_Breakage/RB_236.jpg,R_Breakage,train,123774,ffaaca764ec243bec58384b0c688dc9742657346d6052ec713dc96896674c1ef
R_Breakage/RB_241.jpg,R_Breakage,train,109041,c2e942f1781822f515399936a9658ca34edc371d4c6a2aacfe56e8ffe6578a56
R_Breakage/RB_300.jpg,R_Breakage,train,107918,4e555fa1babce1a28a4ff2ba1ca57204cff4b6f23a168a50d39947c121f03f0c
R_Breakage/RB_233.jpg,R_Breakage,train,121028,73b668a72e6d6b78fea7ecb5aba01466ef1d0ff4ce720869ebaaf3b0cf9abbb6
R_Breakage/RB_290.jpg,R_Breakage,train,211245,8f6ddf5edc53bb526f6ae976aea713c9e93460b362acf249dc4361c107be285d
R_Breakage/RB_127.jpg,R_Breakage,train,130466,7ba39da14e019df6ac6ed63cc90835fb102ef2e6790628cc891c7b5a01fb602b
R_Breakage/RB_89.jpg,R_Breakage,train,239282,d6c76f1844a12341d0001594fbc635570fe623d341ac07dc159a679d20496a04
R_Breakage/RB_99.jpg,R_Breakage,train,178681,e07b3ab3b540d36e403a13384f5f56cb170858ab1fe29b53a3056065f77fe19f
R_Breakage/RB_159.jpg,R_Breakage,train,168827,cf67696777ed48f0de71dd02a97a7f527a0faf3cbcfbf589e4a3361dc60bd52b
R_Breakage/RB_260.jpg,R_Breakage,train,249759,1b2096d2f1efdca66d3c7c4e53699c52573fa22332d943b9a274e07b223b1412
R_Breakage/RB_7.jpg,R_Breakage,train,71817,cb00961cca7de290f126c09412e7919950e2419eede829a74a9fd5257494110d
R_Breakage/RB_29.jpg,R_Breakage,train,142126,39059c0d639e43fb9d917e4b2b48e85e858667791366abd7d67baa59d0197f34
R_Breakage/RB_176.jpg,R_Breakage,train,77999,4663b07c8383e0dbe1be9fcd97b81238f5e127eba86457f31955e482f5e0e3f6
R_Breakage/RB_145.jpg,R_Breakage,train,161617,54d33fc7d519df63b1ece3bdb803226fb4eafde4e61294dc2bf52f354cd8b00d
R_Breakage/RB_224.jpg,R_Breakage,train,109268,1964cefc5ded0ac7620ba8524df1559d696e6bc0c73a02f10cace263774768b6
R_Breakage/RB_181.jpg,R_Breakage,train,123441,ee9b978250c4d82e169c657b01c92476d3aef3a5fc00a6468498b57e3590a676
R_Breakage/RB_44.jpg,R_Breakage,train,66477,40b6fa27d097e89eb7b2cfdd335c6c5d515bcf68654ef79014f18b81f3094734
R_Breakage/RB_179.jpg,R_Breakage,train,243208,fd6376ef6ea833e8ab580042c6c015a1f175b1cf9370aa6cd49bb8579e5f4be7
R_Breakage/RB_245.jpg,R_Breakage,train,220900,2f20eccd0ae2b636ed95d110cc50e00a7a7c624a6975bdd3200b2b29394c6ffa
R_Breakage/RB_186.jpg,R_Breakage,train,231809,26761e30343511f39f85f0f1597e18408f2148b1bfa1d1f93ccb4cecbe7bf063
R_Breakage/RB_295.jpg,R_Breakage,train,146615,b60e71511dda9c4b080f4d0643a57d22c415ad76a1a8fcd97b9aaeea93cf182a
R_Breakage/RB_292.jpg,R_Breakage,train,59564,56028715de4df0f542d537eda2091f8fb5ee79883ba6ab49b94ffa0abb222e19
R_Breakage/RB_277.jpg,R_Breakage,train,289013,bbf6ffa89fa1a25c38d62af00ddd9d0626299b43e613f63b027de6eca47393ef
R_Breakage/RB_169.jpg,R_Breakage,train,110729,3248e571253b7ca5a09f5d9722eadc82f1a3c88910aaf9d74f21c0ed7c849870
R_Breakage/RB_231.jpg,R_Breakage,train,74273,028ff5c198001b2efa2bdae1dd65c69fae80e386705c3f2f5fe2ed570b96bb34
R_Breakage/RB_129.jpg,R_Breakage,train,100178,bf42e1c6dd1ba0620589f3745cef8d3ba8fc5e86d5c5d73efa1d107a4f99dcf3
R_Breakage/RB_118.jpg,R_Breakage,train,106329,cd542e4afddd41042f16e3ac36c29a5707231a2458efcabf8d6157be4827ef2a
R_Breakage/RB_162.jpg,R_Breakage,train,100388,fef529855ffd79f94ac926ca75fa789688fcfa6fb24feaaf5eded79d50793309
R_Breakage/RB_153.jpg,R_Breakage,train,159824,3552bd0011712ec0d87c5e19df6f50382b849c11f122e9b9c315ee08f593737c
R_Breakage/RB_175.jpg,R_Breakage,train,186407,67f6035a0b3bd32d708fbfb21809ae31e23844f4f66aefea0f529aed569cbbbf
R_Breakage/RB_211.jpg,R_Breakage,train,125804,15ff9080241fc657aa6f4eae837d2166d3a4e34e74dcfba63cc1ba5f17e81251
R_Breakage/RB_304.png,R_Breakage,train,3129808,b19336bfdf40c1290960f466e9c254ac4cb0aab2ce1f766180b13a471f813bbe
R_Breakage/RB_273.jpg,R_Breakage,train,107297,8a37977b841e255d2408f980c71b4ec4ca9f4ed82636034239cf220cafc048f1
R_Breakage/RB_239.jpg,R_Breakage,train,114285,73b50907eea0b6bd02374603ca0b1daac9089d499d183988cad195612f01fc3a
R_Breakage/RB_81.jpg,R_Breakage,train,121156,339dc9a940d1df6a8064eebf23143a16ffc7f91b5e66298453a7bf4bfb7a943b
R_Breakage/RB_285.jpg,R_Breakage,train,247884,913e54ffa1ac514e722233f5091bd8bf11f9b7cf5354d98ab45303b4472dea62
R_Breakage/RB_193.jpg,R_Breakage,train,154343,8434b9b3c7ea03929acbce789e83c757b5e1f559f3908c19cdc3458397214b61
R_Breakage/RB_299.jpg,R_Breakage,train,131756,82dbe3e5170939cce3a2346d1c7f373dbf8e60d40d33627615e94468f17b4172
R_Breakage/RB_63.jpg,R_Breakage,train,187553,301d9fe3cb06b589fd964daf8addb8078b7fbd8fc453b9bd4b8357d9d0999492
R_Breakage/RB_21.jpg,R_Breakage,train,115944,28c835368fe9cbb2402f0015f24d44fdd2b98451be498b4f252646df3db49b31
R_Breakage/RB_108.jpg,R_Breakage,train,155993,aef41fde18c5b22709ad260b56b4f6609a6bbc225bbee7ecae58a8a5d162551f
R_Breakage/RB_209.jpg,R_Breakage,train,132558,d4e25cb8021302316b87018dd4bd28bae3ef0c34b7013da36b0b620647a7e9cf
R_Breakage/RB_164.jpg,R_Breakage,train,120217,1a897e55ce5828529fc0a5cc6be84d009510e01acd58a929255dd5c95831f0f0
R_Breakage/RB_82.jpg,R_Breakage,train,235382,e4f920918cfd3e45837c4794341ca2ab6872ab9f1428f7043fd0e4f5c83342d1
R_Breakage/RB_126.jpg,R_Breakage,train,248140,a14de9e059a28d7013c96d131dfc9fbe3201326234f250feef112fdf0e49d15c
R_Breakage/RB_105.jpg,R_Breakage,train,108040,fead1d626897320fcabd56e5ff5cc20d6cf5914faceb22c8f62b9358b1a9c514
R_Breakage/RB_154.jpg,R_Breakage,train,417077,aad0910f64db45eb66a53867f0609955987216516184c220514624d9bb7fab01
R_Breakage/RB_17.jpg,R_Breakage,train,118609,ed8a5d380be58528e794693e7e35d4f02c318b4453239d1bb66d68d280e432cf
R_Breakage/RB_261.jpg,R_Breakage,train,234991,6fec032159c6a558cca3091c6cdcba63b73f2242c36744cf934af45dccd65595
R_Breakage/RB_301.png,R_Breakage,train,2909594,4998c2e17864970e04d19a66ef7905a90962a9dddc6aaf56f785309b9d7bd037
R_Breakage/RB_102.jpg,R_Breakage,train,76236,e47711b97944130bf010b4f85bf115ec2c0d10e0521774baca958cb745da2692
R_Breakage/RB_96.jpg,R_Breakage,train,138420,6f7d1943a051221d20b4c0b515b41d47e70f97385ac93050f20db3a91c536db5
R_Breakage/RB_173.jpg,R_Breakage,train,97453,65ec9825a21b9f5e772c99f94168847c482c45d19aaf271e37ffde3200c15697
R_Breakage/RB_56.jpg,R_Breakage,train,152624,5f9ee287a41ec74e1034d5334a5f8dc233a3459de5c01d0449a2970bf90fab0f
R_Breakage/RB_51.jpg,R_Breakage,train,239988,a2ee0a5018dd332835b9a95142d8f603a6db97b6b959a3e92622888010201edf
R_Breakage/RB_47.jpg,R_Breakage,train,131038,1609597832570e1f4e139bc56ae9bd5a3b91ae5478db2f6d8cdb300970321e6e
R_Breakage/RB_185.jpg,R_Breakage,train,115754,0056d3b4c8c8c7023427bb547006b7def4a9a122ddda4234f7e58464058f39fe
R_Breakage/RB_253.jpg,R_Breakage,train,108558,9911d9b9ecfbd20872c569b706be6213f16a7eb9b93d9ff02423f7c145072e70
R_Breakage/RB_144.jpg,R_Breakage,train,151600,6f9dc4525f4bd5a460896664cfff93148d22a1210270351f6516e5cd7ce6f517
R_Breakage/RB_58.jpg,R_Breakage,train,114383,d1a2f777cb4c4ee88a9d21ba83b6ca496ce4ae0209cab44d728471de899fe34e
R_Breakage/RB_168.jpg,R_Breakage,train,128021,922d9154482a7827beea3aa0f981ba1317c485900fe85f6f849f3a49a833c52e
R_Breakage/RB_123.jpg,R_Breakage,train,142365,f85da0e5e46b5e1ec2913d9d7589fc0717ce1a875216b0be733aad582530c420
R_Breakage/RB_216.jpg,R_Breakage,train,160549,7f24449104dfb2f5a2cd787391aaf08707b54316cded7dd0e775f4ad6390e7ad
R_Breakage/RB_14.jpg,R_Breakage,train,121403,7cc07b372ee1e1cc32e7da3ed53d9a07a26a695c0e488881f4803cbfddf866f9
R_Breakage/RB_215.jpg,R_Breakage,train,229460,8967fc44bb4d27823307c8a3018c77c22302ccfc38c69aa46e2a9e915b97c2a2
R_Breakage/RB_5.jpg,R_Breakage,train,126386,27ce5e6fa738fa7c227480ba273336de090145325633cf5e83728dec584bde1d
R_Breakage/RB_1.jpg,R_Breakage,train,147719,e136205fe71e94bbc6685fa472eba9c3993c933b1440dfbe60c58a3562f2b29e
R_Breakage/RB_41.jpg,R_Breakage,train,115369,0d19cfce027bb8aa78e0944de1936300c263e3718ac5d50766e605da00a26148
R_Breakage/RB_251.jpg,R_Breakage,train,176102,3be7b2925591d371740dfc42d46d64b9b0d0e56ae036f1bb2dda5893f45ee76e
R_Breakage/RB_87.jpg,R_Breakage,train,144038,62fe70325478a82944e2e50a5f22b2caf5b17fc96dc4ff49705b4157cff26669
R_Breakage/RB_167.jpg,R_Breakage,train,159161,8dee592b56c304dba052f370c061c0b92eaf10a342fce9a76093236635e3536b
R_Breakage/RB_34.jpg,R_Breakage,train,89624,ed24cdf4d04c1e2238985995b3b37aac47ee477720c1e2e1b478522afe957769
R_Breakage/RB_178.jpg,R_Breakage,train,168329,601b7b08ececcfe316c6c0eebe8b9c518702e96ef528fc66bb3109c17fb3443a
R_Breakage/RB_282.jpg,R_Breakage,train,115998,4f99922168bbf1fc71d0c8b2b4c6a18ae748a2912eb3fb47533b8406cd6015e0
R_Breakage/RB_267.jpg,R_Breakage,train,67176,f9548e06d2e8b2dbd3876bf2fa8a7991ccccc03e7036dff459919d7a3776ff01
R_Breakage/RB_125.jpg,R_Breakage,train,167989,a514e34834371781d3185b78f04a8d4e47fdf42d6810326af3d18deed47df89e
R_Breakage/RB_100.jpg,R_Breakage,train,177163,dfcbc29bf9e45d6bacdc076e143ddc9bb1cbfcf8933fbd4298a07fcf36b5e6f9
R_Breakage/RB_227.jpg,R_Breakage,train,63328,c0b0a5d8e523b85eb603689f8a090b168a624c1346b3d82e0313bb683c542742
R_Breakage/RB_157.jpg,R_Breakage,train,124360,b21457cf3e7c733ec636bd6743c46d5c8342cfd94346dcd2f0f20341cdc028c5
R_Breakage/RB_65.jpg,R_Breakage,train,184918,e8481f6a822726ce10a729ec185c64c41188552940fc51e62d80d3982ad58aa8
R_Breakage/RB_86.jpg,R_Breakage,train,118102,668af028c537e67eb06e4e26e2afc9cfaf06621aa20f21de7921c9e8813cafe3
R_Breakage/RB_25.jpg,R_Breakage,train,148021,479b451be3e648d458516a971e9ebd4bd96a1355ca01c1b2871cc5634dc53b75
R_Breakage/RB_76.jpg,R_Breakage,train,108915,e2b82811fc42e06d56277efeedf7bc5ae6d40a84db28f9fb796578ac7cb6464c
R_Breakage/RB_188.jpg,R_Breakage,train,221169,931968e6f3c44b3c82460ddfb640ff5cfad61e2467f5dc5f3ce4243e0c7d96c9
R_Breakage/RB_281.jpg,R_Breakage,train,156009,e9c3e60192f28720417a2770af2eb6242042b43327ad11104b8759b000ca0bc0
R_Breakage/RB_237.jpg,R_Breakage,train,105715,725d4abb1816c7c44bbfdec74a1fa7e65f91e86dd4d0f5683e2fed97b35a037b
R_Breakage/RB_197.jpg,R_Breakage,train,112271,9af61f8f611a671464563206d53083754c871c88814b315488ff9dc835878ac4
R_Breakage/RB_60.jpg,R_Breakage,train,256876,cc21d92c31d572a5febe2321b8fc7b4256c00d475dc83e838a5a681ddf929461
R_Breakage/RB_244.jpg,R_Breakage,train,421000,76fbf61323cf4c0aea00b44aa340a913fa49526dd6e68418534fd80f6e2ed477
R_Breakage/RB_134.jpg,R_Breakage,train,165771,1fdf6a9cb8048fd68687a80ae73f7d1f47e67896d1c5bd2e57e3f4a6184c516d
R_Breakage/RB_124.jpg,R_Breakage,train,143023,79f561823b0296507f512162c09503d0dea6d4f8bfdaf49014c635dc9efd9747
R_Breakage/RB_98.jpg,R_Breakage,train,121726,6d600353abf0a035a03ab61802343d7ac2bfcf9ac47e7ece791c6483cd5a35c4
R_Breakage/RB_12.jpg,R_Breakage,train,230198,ce6842768e53c8533967ba3d4093143e77399df79d06f33cd24d9bfddaa26e7a
R_Breakage/RB_213.jpg,R_Breakage,train,243922,27e51a411de0a2a1b9766c1d77b43dc62d33e4dc90d457962272420adb02acf6
R_Breakage/RB_217.jpg,R_Breakage,train,145788,b83ff13a8b410236c7c90648a202dc16916a3cb1d273e3a5004b868262f0c01e
R_Breakage/RB_27.jpg,R_Breakage,train,156559,4245313a9d4068b285bec736b1f0f8c9654af28a54b3cd64da9c6179102eb126
R_Breakage/RB_291.jpg,R_Breakage,train,188359,9b532bf37c9acba287ed5d5fed72f8ad5a69f6df9616b68b48449ad6848c7ee7
R_Breakage/RB_182.jpg,R_Breakage,train,176075,a0f95e8282facbcce49e519701ec9eedfb061fe75947dccaea1267833b82dd73
R_Breakage/RB_283.jpg,R_Breakage,train,243639,0576de80d0d0ab91f7d4fb045b59eaa8630c2608a6df196dae9ee26c9b587022
R_Breakage/RB_265.jpg,R_Breakage,train,92875,ac90786b9a7ac96adb3bd414095aa35faaa4c659f3db89b55ff1ec4763e1f61e
R_Breakage/RB_198.jpg,R_Breakage,train,126971,e9c87573df57b839562cae415fd61a9247b400e59b15afa12374435151f117a3
R_Breakage/RB_234.jpg,R_Breakage,train,115965,78fcfb330c1135e4f43bf41123d858df653be0670dc73b7b46996d10237e1b24
R_Breakage/RB_270.jpg,R_Breakage,train,100982,ffaae7081b8c86532abab01ee5345f317541cebea45fb639c44330fbf029b241
R_Breakage/RB_223.jpg,R_Breakage,train,77388,fbf8d6abb5960ea59de4b76c2beac5207236ad829bcc3a5d595be9c6a69a8826
R_Breakage/RB_229.jpg,R_Breakage,train,118156,8ec110123999db38cf13f8d7739e8b06b211322bc43e71b7d3d83dff7ead4c21
R_Breakage/RB_62.jpg,R_Breakage,train,182223,fcb3e80d432cf250993884e30622c51507f12d31b4cc9a091133f216e31939c8
R_Breakage/RB_130.jpg,R_Breakage,train,99185,dace8dbda30da7915ab8c3095b26e11428cd4389de960455a05965c15d397183
R_Breakage/RB_16.jpg,R_Breakage,train,123366,e2bc76f35af0f27d672a4150c54d831b0c6c95d4ea9ac3e3f8c728d5684128ab
R_Breakage/RB_131.jpg,R_Breakage,train,35577,96e7e397de73de3d14bf73a7799b496b77f645556b41081d43609009cbbfbbaa
R_Breakage/RB_204.jpg,R_Breakage,train,87683,b0c1bc9140a9d6b52f11aa7ce504c720905c6ddf0674752e05f681addd42770e
R_Breakage/RB_248.jpg,R_Breakage,train,223020,c998c065bb84d3b3150a22fd8217f9603fc06423a1a42a995d4a356a0f499486
R_Breakage/RB_83.jpg,R_Breakage,train,188208,6749637d0535460abcfb8db89356767c87cfe6729c55bc063b4aacd9337baa67
R_Breakage/RB_214.jpg,R_Breakage,train,231615,766bc28a18a4d2033ee16efaca865030c57b9ff9e7b3fd22e5030cff8b9d7e56
R_Breakage/RB_250.jpg,R_Breakage,train,82268,9ade855423db1ad1b9385e8a4f0197d3505008d8a3afdc6d72bed39352b7ff97
R_Breakage/RB_280.jpg,R_Breakage,train,124664,efd9a5954155aec15d9ece3dfa8000357e920a1480476521fee98c0c5deacf10
R_Breakage/RB_284.jpg,R_Breakage,train,63452,caa70e5e25ecba03fa4790c492eee15f00fda4bf5d5023354f4888e0c85da856
R_Breakage/RB_67.jpg,R_Breakage,train,120209,2389e65bc24aa2b533660de8ed5e0570d089c6078f139ce84ffa4a1cfcb9870f
R_Breakage/RB_230.jpg,R_Breakage,train,136184,9cfb6091faa1a2a52f7d80f758ff36cb6659308f27c25d3248c6ec9dd453b474
R_Breakage/RB_148.jpg,R_Breakage,train,180682,069f9a16092458a4aca19b1359e02e0bbb0bdf70c7843c69c2c1b11392591d39
R_Breakage/RB_9.jpg,R_Breakage,train,257741,a53ace9820875f620cd6b263209cbc67d484471b5dfffcf09680b4aaa596e74b
R_Breakage/RB_8.jpg,R_Breakage,train,133484,44b400a8d43e2cb7e51eacc2905dced686abd59940ff39a29dbe0b5911e618de
R_Breakage/RB_191.jpg,R_Breakage,train,41542,c8b375bcf1853a2ac4de82e31a36529d4c626600496cf8cb590633392fba105e
R_Breakage/RB_171.jpg,R_Breakage,train,160194,529fe93989b8560b02e0033f6d86ec80712b87bf93f7c0e4b98d1e151f2f5896
R_Breakage/RB_106.jpg,R_Breakage,train,234442,51e3afd1912b1e482d59b2307c3f617658cfada8b55719996843bc91a86ed21c
R_Breakage/RB_50.jpg,R_Breakage,train,225113,c04b3bc93889e2832c4d4ceba9004bdcefa6594d2f46766e1ef9b5fecd473130
R_Breakage/RB_111.jpg,R_Breakage,train,250372,fcb1ec4a72d9f5ecad5d312a2e4c565e978ab20cf3b39373bc0cfb7d1461dab4
R_Breakage/RB_28.jpg,R_Breakage,train,96194,0b44edb9cac3beb9fff2f1dca1f10bf17caaf36e030aee590a784a39bd08a905
R_Breakage/RB_278.jpg,R_Breakage,train,227250,316a8ea49836806ab7f4a2f25add9b66b13e0056671faf99a0e400b9ed50d8e2
R_Breakage/RB_174.jpg,R_Breakage,train,263702,d57a31bbdfa85bf0ef11ef88f3f932e2fb155b4fb5e773dbb9a5c5ad04193386
R_Breakage/RB_258.jpg,R_Breakage,val,104978,72d0bc16f60106970335f44210925ceb97c31fba715fc73135b4db2f1a663bea
R_Breakage/RB_15.jpg,R_Breakage,val,98802,54f31af224b2658a5080b0485d81549823d0e91b32e0a43f7152ae5af6f6b51b
R_Breakage/RB_74.jpg,R_Breakage,val,206322,6f882390096e901fac16ee12ef5a3194a8439dc9c5536a7678f85ab1d31b2bb3
R_Breakage/RB_66.jpg,R_Breakage,val,138663,597e2898ec978596f0b0781bb533f08f6f917103173cf058e746e4284854876e
R_Breakage/RB_247.jpg,R_Breakage,val,83982,71741a5e976e755b856847af6e097ecd0d1daab09d5ca15fbdd6dd02b9b0d6e4
R_Breakage/RB_161.jpg,R_Breakage,val,61741,ad48020bb47c336448f1166b3ac411229cf2d67076d4b590468d700d86c0fb61
R_Breakage/RB_43.jpg,R_Breakage,val,191368,7ad27508be40a213d7831f117f109cc20124a8f3d4183c9f364d24026fb2c1e1
R_Breakage/RB_205.jpg,R_Breakage,val,141531,cf41a3a74132e0086534130d17f5644a761d4f60cfa239c26e736e0667a51d7d
R_Breakage/RB_38.jpg,R_Breakage,val,90376,048a14b8b8f49fd402c4129f0b795dc12c4f8e59509acbffd07ad416d55866e2
R_Breakage/RB_155.jpg,R_Breakage,val,135988,d8fb7c962b4aaa2efc596c50949afc6d0e3e20a54d90b2c2ebc6c056af0a1440
R_Breakage/RB_269.jpg,R_Breakage,val,340427,31eeb0c92f8d1382181ac9deedb5555239d70ba73ccf01f36bafe3b0eeb9e1eb
R_Breakage/RB_222.jpg,R_Breakage,val,323644,ae6ab0cbacc712428bae3f27349a5512b1d78250923966dc9e0bf51882f37735
R_Breakage/RB_138.jpg,R_Breakage,val,156790,16a0046c3f38126fe52b930668f0c9532fb9baf3b27db679613f48e1370ae36a
R_Breakage/RB_40.jpg,R_Breakage,val,114058,722d253b2624d05d3031ce357a968418a4311d4962d64e213b190527491f362c
R_Breakage/RB_24.jpg,R_Breakage,val,128105,e98a95616dca3eb30df0086583ea63cf6dae8eba62661f04907e644950877bfd
R_Breakage/RB_115.jpg,R_Breakage,val,143307,b4bfd950626b29463eabb42432ea68244d3308647e11f3065b293af031e3376f
R_Breakage/RB_249.jpg,R_Breakage,val,154810,4651b3f542bd9c3dd12db0b59dffd7a302e183cf911b5e9697d8c0b940298881
R_Breakage/RB_75.jpg,R_Breakage,val,125826,1963e222307a890dbf92432aecc0de3ddb1f39b7c7c902d8b301cdf2a0b45788
R_Breakage/RB_262.jpg,R_Breakage,val,84838,fe1e1c0ce92a9cd67acfb28262bc58af9f0bda128a77d34fc821bf67110b436c
R_Breakage/RB_160.jpg,R_Breakage,val,163552,dc5769b9624450b5a5ece27958881b32711334cac66f95fef612e1c4d04b17bd
R_Breakage/RB_254.jpg,R_Breakage,val,104595,bdf406fa0b45bb489e508d885f60b859b2b58a6c75afe169ccd5188f3ed1110c
R_Breakage/RB_147.jpg,R_Breakage,val,137914,e35f85139b552968d9ce7b17b55414125cce5f29049e32cb7a9ad2ce8e72310c
R_Breakage/RB_180.jpg,R_Breakage,val,99930,4c2f81ab607860fbb03953582eaaaf3a6cae97e5e9008f439c7e8f96e605b712
R_Breakage/RB_184.jpg,R_Breakage,val,94846,fa6186533c3f644e5ba80bcb56f60a88dbc0cc9f8c5273cced877c9d3fb7cb41
R_Breakage/RB_136.jpg,R_Breakage,val,179854,0029f295f779b888a5246770c5c98984afad6c903834ed627bf9a6b80a471710
R_Breakage/RB_183.jpg,R_Breakage,val,186656,6fd4aab77eed6bbf2f2640227e0bf0eb62c82a08268ec6e52356675b99367260
R_Breakage/RB_293.jpg,R_Breakage,val,66125,8ceb8b91456c83b6983eaf3f2003193430d8758c3e389a895fa9566fc59947de
R_Breakage/RB_246.jpg,R_Breakage,val,114157,34dc282cda2008515c4004c4901225e144b73b659a3eecd454bd8b6fc1018ee4
R_Breakage/RB_203.jpg,R_Breakage,val,243497,1bc5b68fdb2857159247f1351163b71d43d95f78294500dc3d964d5be9bbafb5
R_Breakage/RB_94.jpg,R_Breakage,val,188583,58b309ef0298eb7ffce4ca0ef5b418d3b936fe0df3574d143791b5885aa8643e
R_Breakage/RB_187.jpg,R_Breakage,test,299940,f2974db66780b9fd9ed8610479d15df8b15a4f3865b26b82cf1fd27ceee3a041
R_Breakage/RB_121.jpg,R_Breakage,test,237157,f43720909f4c53c25dbeed0ab92e4cdef5e4d377558059125167bfe5a7c909ef
R_Breakage/RB_30.jpg,R_Breakage,test,166071,2c7cb05c3e5877a595de6c33d74c2b71a92af90caac0b36ba780a8aa323ff266
R_Breakage/RB_152.jpg,R_Breakage,test,106073,22bda57da0bd31ce9d4331c195948f0f042abbcaae8db58062678bd0894bd2b5
R_Breakage/RB_298.jpg,R_Breakage,test,86641,d9abed17596cefe817aa8635082dbcef8b4372eac0a9cde48b7971e858b38bcb
R_Breakage/RB_117.jpg,R_Breakage,test,235198,065b0b1ec5447feddafab317abbe0db9164634f39dc3d7e73eb6a6ad82af88ff
R_Breakage/RB_166.jpg,R_Breakage,test,118912,1a28c56fd0e748fe24be08288089634d5e04c8de2526f5b134b2afc99468a7aa
R_Breakage/RB_279.jpg,R_Breakage,test,153342,a3f254a7920e1fee1aad774dfc68f99157c809e4969a747cb1525b2f7d0207f6
R_Breakage/RB_151.jpg,R_Breakage,test,162577,38b373a9fcc22029daf81669b30a19a96ab9ea29857de19ab127244b29b74080
R_Breakage/RB_252.jpg,R_Breakage,test,103743,4ff24402944b3bfd99975b4fbdd6c9867cef9b88d6110200807e1b2c1932dc47
R_Breakage/RB_109.jpg,R_Breakage,test,171064,4c8c1033b6c64c1c878a8b95fd35e486ad949e1830021c7c49f4f2d5b6bcd2fb
R_Breakage/RB_114.jpg,R_Breakage,test,141331,cea5d8218f5d5fa9c310b706b8294d345ca01da5fcc36e19dc6fc83ae0ad3147
R_Breakage/RB_263.jpg,R_Breakage,test,163216,99d5e6ad965a97e116a53d90b351dccfcfde2aca2b39150fcb91107a10a33776
R_Breakage/RB_68.jpg,R_Breakage,test,87139,e546ad2531dc193c9d9287b2279c980247d0d618f7d4fe011ea58b9fc4c6cb74
R_Breakage/RB_232.jpg,R_Breakage,test,149561,1d10f62f64e2b01e91203ed13208d15bbe46049577075164f55c56498983c94a
R_Breakage/RB_268.jpg,R_Breakage,test,195052,47c269e06e72f6e93ecc41dc364b5b3727ae542d67ce996c72e9939f0397f3af
R_Breakage/RB_235.jpg,R_Breakage,test,200095,59ec599cbe2caf07457a8b8ae442b1ca5db022f74af713bf86ee90f14481d38c
R_Breakage/RB_135.jpg,R_Breakage,test,101031,53ca65a37cd0af270e1fe2ace0085acc9e6c0d5a6c175dc3fa2c0b5414518a4b
R_Breakage/RB_275.jpg,R_Breakage,test,117338,e0ac18622c57ac44ded5fce37549923afee34ca9dc61c1ee98fe6c021d75d57f
R_Breakage/RB_156.jpg,R_Breakage,test,500466,2fbbfb87143ea1c2f19cb2f8121f86ca515d530f3d3ac58f493d52287996fee3
R_Breakage/RB_39.jpg,R_Breakage,test,79889,90d520312e20ae553df5dab1437da7393831caef971d298a0e850d4936c51f78
R_Breakage/RB_119.jpg,R_Breakage,test,95461,570d443db487ed52cfc1e77f21458e91c9592c882ac21bb2d82c6dd75bf6bfb2
R_Breakage/RB_221.jpg,R_Breakage,test,255988,ad00dd162e62e1b707d7b78a7cbae01a8159ed47b1306a04c13ef7d9bad435dd
R_Breakage/RB_26.jpg,R_Breakage,test,269736,6777c041534cfe43daf4d6e81faa2ec1fa0f65180f83b4e79f5db9c1fa54b551
R_Breakage/RB_266.jpg,R_Breakage,test,212830,15d83aa25758bc7d07bc8e6045cb1e34777fbf5875ae7547f3718aa97aeb07fe
R_Breakage/RB_143.jpg,R_Breakage,test,94056,ca5bb8bf23eb572fe9b0126265926f4c7e0f71e894a1bb7a3d7c4adbcbab5e91
R_Breakage/RB_276.jpg,R_Breakage,test,105909,114bf8529bf158f45bfba93858f41162995ca3b3cd5c9110b12f2ecdfa863510
R_Breakage/RB_88.jpg,R_Breakage,test,262843,fa494ad39c9a41f01c24703cb1e881a3b328cd3deb84c0894f9b6ee805dfa020
R_Breakage/RB_93.jpg,R_Breakage,test,173252,83651288891df1756d9ae84d2bf0ef19d61a38f2ba6bcc1b0907393287b4b7a1
R_Breakage/RB_255.jpg,R_Breakage,test,235328,fc7ca2e0ea31ae1f65475908ef429a820a560715119be3f8605a58dee80dbbff
R_Breakage/RB_199.jpg,R_Breakage,test,77532,2c1c8fc87ba2bdceb042e08431ea4e2c53dd7d7074eeeb6a8d1b9e718ec54794
R_Breakage/RB_170.jpg,R_Breakage,test,129776,2b1161c59d71928f51cddd659e3d4bc2c67750ec15620bf93a39895049ae10ab
R_Breakage/RB_79.jpg,R_Breakage,test,85355,b3e978fcd6e4cc04d02230e7923212be78b648b888cdce6eba201e3b65e782e8
R_Breakage/RB_257.jpg,R_Breakage,test,120763,f1daa1352e509437f32e53cbf02c569e5bb9f151877d4169a2c19532ef8d9fa3
R_Breakage/RB_90.jpg,R_Breakage,test,195310,dde64d8736d73e9d7abb4c0e71767fde242ec88a8980b14d28b36d03a27f6ebf
R_Breakage/RB_172.jpg,R_Breakage,test,149606,aa4af233616a266e8a80cba2393d69b73203969f7a02551ddb459e0f2777f526
R_Breakage/RB_101.jpg,R_Breakage,test,75682,13985d8978f940ffb4c83b5635327565436f2c92d472db22c89ede2de029be74
R_Breakage/RB_228.jpg,R_Breakage,test,111521,b77ae431deba67197d66c3af7ce82a591840d3e5875d3951867561e7c127bb35
R_Breakage/RB_33.jpg,R_Breakage,test,80910,fe8a46ff14dfe08bbe05042155816090cc86a12c62a2560cd50a569fb7bb1dda
R_Breakage/RB_20.jpg,R_Breakage,test,143009,1ba199e9079e8203b5661527585b3572a4a8b208eb7962ab1958e4e54abc201d
R_Breakage/RB_294.jpg,R_Breakage,test,89720,004494dcfc26d7ea615a6330c56ca51bcf3655cce670d9c21c32048fa8950df4
R_Breakage/RB_92.jpg,R_Breakage,test,147419,2e47448bc8fdd068db52c5a30e24685551a679e65bd88b20aebf713a0f9fb101
R_Breakage/RB_190.jpg,R_Breakage,test,149692,bfd5ae6c12fc8d84ad7266b344bfe284f95d6c8294444e8b49a5079f82f412f5
R_Breakage/RB_110.jpg,R_Breakage,test,86459,70f06c9ad2884f4dcb278f9e00f08159cfc0e5b9f28a375391f3a5c5f7bddf7f
R_Breakage/RB_61.jpg,R_Breakage,test,218190,72c9375c3955f957d0159248d6ba059f5de56613307e8c235f72b0a4ce127c60
R_Breakage/RB_206.jpg,R_Breakage,test,321621,69b830a4d1f23d8274a14875b270484c43ec6ec91e5262702b8003d44df6e93d
R_Breakage/RB_2.jpg,R_Breakage,test,180055,7beec8567b7ce8290047e05301186fa3121913f134906ce3b8253353aafacd1f
R_Breakage/RB_141.jpg,R_Breakage,test,267390,52d612f60b59374ef75269845f8488ee36d9b05429b61ed160404b98b80972d6
R_Breakage/RB_112.jpg,R_Breakage,test,175451,e068af5c329b7ecbb1f8e9ab46799e9c5cdc6a0284a9216a588cad6692711e52
R_Breakage/RB_113.jpg,R_Breakage,test,145259,357d4385dcb7e8bf1e8262200bd6a72f014c2dc5811de8373397a5e29de2ab2b
R_Breakage/RB_296.jpg,R_Breakage,test,104208,41cc3a62279de06387ab1003fc24dc7a6caa50e35b063eb6f1c406409dea583d
R_Breakage/RB_139.jpg,R_Breakage,test,119499,4bdc3e4614c2c42751440826fb83faf1a7dc0199feba8ac0221501443acbcc0a
R_Breakage/RB_80.jpg,R_Breakage,test,122335,f3f3a544f4f923085f87fdbb5da713b43627b30e1fe9e37120ec598f661f883a
R_Breakage/RB_146.jpg,R_Breakage,test,236649,62adae1e54670ea79d91722456a48936dfec69c22861cd789729d24a47356e77
R_Breakage/RB_163.jpg,R_Breakage,test,94966,72f8b5c339647999a181bf62a5f723aa3c45897e1d1ab72ae5f29d369e03f147
R_Breakage/RB_201.jpg,R_Breakage,test,156944,d3896409847f218d9cad1b2bc29b85d96614a1ccb70e2d61126c60450798dfaa
R_Breakage/RB_212.jpg,R_Breakage,test,124951,ee0af82945b81ae7a0864ede7629c8d9109f2a962cbd262472337d443b01ddc9
R_Breakage/RB_226.jpg,R_Breakage,test,108975,2fc15681fb63fa73cb75f523d32e09d63ca4eab8f8cf604427f7ce6187ef7fb5
R_Breakage/RB_11.jpg,R_Breakage,test,122545,44a27f1cea76e55aa8d66112697a1422c410e8bc01c3974ddc0f3171e5fde997
R_Breakage/RB_150.jpg,R_Breakage,test,108570,0f4335aa01b264bf87bb254fdc9becaf067b3cafefe5b9eeb69f53fdc4ff0898
